name,price,stars,rating_count,feature_bullets
"Apple iPad (10th Generation): with A14 Bionic chip, 10.9-inch Liquid Retina Display, 64GB, Wi-Fi 6, 12MP front/12MP Back Camera, Touch ID, All-Day Battery Life – Pink",$,4.8 out of 5 stars,"3,297 global ratings","WHY IPAD — Colorfully reimagined and more versatile than ever, iPad is great for the things you do every day. With an all-screen design, 10.9-inch Liquid Retina display, powerful A14 Bionic chip, superfast Wi-Fi, and four gorgeous colors, iPad delivers a powerful way to create, stay connected, and get things done.,IPADOS + APPS — iPadOS makes iPad more productive, intuitive, and versatile. With iPadOS, run multiple apps at once, use Apple Pencil to write in any text field with Scribble, and edit and share photos. iPad comes with essential apps like Safari, Messages, and Keynote, with over a million more apps available on the App Store.,FAST WI-FI CONNECTIVITY — Wi-Fi 6 gives you fast access to your files, uploads, and downloads, and lets you seamlessly stream your favorite shows.,PERFORMANCE AND STORAGE — The A14 Bionic chip delivers power and performance for any activity. And with all-day battery life, iPad is perfect for playing immersive games and editing photos and videos. Choose from 64GB or 256GB storage options.,APPLE PENCIL AND MAGIC KEYBOARD FOLIO — With Apple Pencil (1st generation), iPad transforms into an immersive drawing canvas and the world’s best note‑taking device. The Magic Keyboard Folio features a versatile two-piece design with a detachable keyboard and a protective back panel that both attach magnetically to iPad.,10.9-INCH LIQUID RETINA DISPLAY — The gorgeous Liquid Retina display is an amazing way to watch movies or draw your next masterpiece. True Tone adjusts the display to the color temperature of the room to make viewing comfortable in any light.,UNLOCK AND PAY WITH TOUCH ID — Touch ID is built into the top button, so you can use your fingerprint to unlock your iPad, sign in to apps, and make payments securely with Apple Pay.,ADVANCED CAMERAS — iPad features a landscape 12MP Ultra Wide front camera that supports Center Stage for videoconferencing and selfies. Shoot 4K video or photos with the 12MP Wide back camera, then edit right on your iPad.,LEGAL DISCLAIMERS — This is a summary of the main product features."
"2019 Apple iPad 7th Gen (10.2 inch, Wi-Fi, 32GB) Silver (Renewed)",$200.72,4.5 out of 5 stars,315 global ratings,"10. 2-inch Retina display,A10 Fusion chip,Touch ID fingerprint sensor,8MP back camera, 1. 2MP FaceTime HD front camera,Stereo speakers"
Apple iPad Air 16GB WiFi Tablet - Space Gray (Renewed),$95.00,3.8 out of 5 stars,440 global ratings,
"Apple iPad (9th Generation): with A13 Bionic chip, 10.2-inch Retina Display, 64GB, Wi-Fi, 12MP front/8MP Back Camera, Touch ID, All-Day Battery Life – Silver",$,4.8 out of 5 stars,"42,705 global ratings","WHY IPAD — All the essentials in the most affordable iPad, with a beautiful 10.2-inch Retina display, powerful A13 Bionic chip, and an Ultra Wide front camera with Center Stage. Work, play, create, learn, stay connected, and more.,IPADOS + APPS — iPadOS makes iPad more productive, intuitive, and versatile. With iPadOS, run multiple apps at once, use Apple Pencil to write in any text field with Scribble, and edit and share photos. iPad comes with essential apps like Safari, Messages, and Keynote, with over a million more apps available on the App Store.,FAST WI-FI CONNECTIVITY — Fast Wi-Fi keeps you connected at home, work, school, or wherever you go with your iPad.,PERFORMANCE AND STORAGE — The A13 Bionic chip gives you the graphics performance you need. And with all-day battery life, iPad is perfect for playing immersive games and more. Choose from 64GB or 256GB storage options.,APPLE PENCIL AND SMART KEYBOARD — Apple Pencil (1st generation) transforms iPad into an immersive drawing canvas and the world’s best note‑taking device. The Smart Keyboard features a comfortable typing experience and folds into a slim, lightweight cover for protection.,10.2-INCH RETINA DISPLAY — With incredible detail and vivid colors, it’s perfect for watching movies or drawing your next masterpiece. True Tone adjusts the display to the color temperature of the room to make viewing comfortable in any light.,UNLOCK AND PAY WITH TOUCH ID — Touch ID is built into the top button, so you can use your fingerprint to unlock your iPad, sign in to apps, and make payments securely with Apple Pay.,FRONT AND BACK CAMERAS — iPad features a 12MP Ultra Wide front camera that supports Center Stage for videoconferencing and selfies. The 8MP Wide back camera is perfect for capturing photos, 1080p HD video, and scanning documents.,LEGAL DISCLAIMERS — This is a summary of the main product features."
"Apple iPad Air 2, 64 GB, Space Gray (Renewed)",$155.00,4.4 out of 5 stars,"4,742 global ratings","Apple iOS 8; 9.7-Inch Retina Display; 2048x1536 Resolution,A8X Chip with 64-bit Architecture; M8 Motion Coprocessor,Wi-Fi (802.11a/b/g/n/ac): 16 GB Capacity: 2GB RAM,8 MP iSight Camera; FaceTime HD Camera - Up to 10 Hours of Battery Life"
Apple iPad 9.7inch with WiFi 32GB- Space Gray (2017 Model) (Renewed),$145.00,4.6 out of 5 stars,"10,107 global ratings","9.7-Inch Retina Display, wide Color and True Tone,A9 third-generation chip with 64-bit architecture,M9 motion coprocessor, 1.2MP FaceTime HD Camera,8MP insight Camera, touch ID, Apple Pay"
"2014 Apple iPad Air 2 (9.4 inch, Wi-Fi, 64GB) Silver (Renewed)",$149.99,4.2 out of 5 stars,"1,538 global ratings","Apple iOS 8; 9.7-Inch Retina Display; 2048x1536 Resolution,A8X Chip with 64-bit Architecture; M8 Motion Coprocessor,Wi-Fi (802.11a, b, g, n, ac): 16 GB Capacity: 2GB RAM,8 MP iSight Camera; FaceTime HD Camera - Up to 10 Hours of Battery Life"
"Apple 9.7-inch iPad (Early 2018, 32GB, Wi-Fi Only, Space Gray) MR7F2LL/A (Renewed)",$155.00,4.6 out of 5 stars,"3,210 global ratings","9.7"" Multi-Touch Retina Display 2048 x 1536 Screen Resolution (264 ppi),Apple A10 Fusion SoC and M10 Coprocessor 4G LTE | 802.11ac Wi-Fi | Bluetooth 4.4,Front 1.2MP FaceTime HD Camera Rear 8MP Camera,Apple Pencil Support Night Shift | Touch ID Sensor"
Apple iPad Air 2 16GB Gold Wi-Fi MH0W2HC/A (Refurbished),$133.00,1.0 out of 5 stars,1 global rating,"This Certified Refurbished product is tested and certified to look and work like new. The refurbishing process includes functionality testing, basic cleaning, inspection, and repackaging. The product ships with all relevant accessories, a minimum 90-day warranty, and may arrive in a generic box."
Apple iPad (2018 Model) with Wi-Fi only 32GB Apple 9.7in iPad - Space Gray (Renewed),$159.00,4.6 out of 5 stars,"5,812 global ratings","Renewed products look and work like new. These pre-owned products have been inspected and tested by Amazon-qualified suppliers, which typically perform a full diagnostic test, replacement of any defective parts, and a thorough cleaning process. Packaging and accessories may be generic. All products on Amazon Renewed come with a minimum 90-day supplier-backed warranty.,Display resolution: 2048 x 1536,Operating system: iOS,Powerful A10 Fusion chip"
"NOVOJOY Tablet 10.1 Inch Android 11 OS, 2 in 1 Tablets, 64GB ROM+4GB RAM, 8MP Camera, Quad Core Processor, 6000mAh Battery, 1280 * 800 FHD, Include Keyboard, Mouse, Case, Stylus, Tempered Film",$,4.5 out of 5 stars,30 global ratings,"【Multi-function Configuration】 2023 Newly launched Android 11 portable tablet has a 2-in-1 working mode and is comes with a keyboard, wireless mouse, stylus and foldable protective case. You can enter text directly using a stylus, or you can type comfortably using the keyboard, two ways, one-touch convenience, easy response to various scenarios, making your work and study get twice the result with half the effort.,【Superior Android 11 Tablet】10 inch Tablet PC is equipped with the latest Android 11.0 system, built-in powerful Quad-core processor, 64GB ROM +4GB RAM, 512GB expansion, support Wi-Fi, Bluetooth, GPS and more, enough memory allows you to store more favorite e-books, movies, music, pictures, videos, games.,【Superior Performance Android 11 Tablet】10 inch Tablet PC is equipped with the latest Android 11.0 system, built-in powerful Quad-core processor, 64GB ROM +4GB RAM, 512GB expansion, support for Wi-Fi, Bluetooth, GPS and more, enough memory allows you to store more favorite e-books, movies, music, pictures, videos, games,【Long Battery Life】 The Android 11 tablets powered by a 6000mAh battery, can stand by 360 hours and continuous use up to 6-8 hours, easily charge via the 5V2A Type-C port. Super power and long battery life, say goodbye to the trouble of insufficient power and give you a full sense of security.,【Coexistence of Beauty and Strength】 Our Android tablet equipped with a protective leather case and screen protective film. With a slim design, wear-resistant and resistant to falling, a delicate feel, unique texture, easy to carry, and more comfortable to hold with one hand. It's a good companion for your leisure and entertainment, as well as the best gift for various festivals and birthdays."
"Apple iPad Pro 12.9-inch (6th Generation): with M2 chip, Liquid Retina XDR Display, 256GB, Wi-Fi 6E, 12MP front/12MP and 10MP Back Cameras, Face ID, All-Day Battery Life – Space Gray",$,4.7 out of 5 stars,847 global ratings,"WHY IPAD PRO — iPad Pro is the ultimate iPad experience, with the astonishing performance of the M2 chip, superfast wireless connectivity, and next-generation Apple Pencil experience. Plus powerful productivity features in iPadOS.,IPADOS + APPS — iPadOS makes iPad more productive, intuitive, and versatile. With iPadOS, run multiple apps at once, use Apple Pencil to write in any text field with Scribble, and edit and share photos. Stage Manager makes multitasking easy with resizable, overlapping apps and external display support. iPad Pro comes with essential apps like Safari, Messages, and Keynote, with over a million more apps available on the App Store.,FAST WI-FI CONNECTIVITY — Wi-Fi 6E gives you fast wireless connections. Work from almost anywhere with quick transfers of photos, documents, and large video files.,PERFORMANCE AND STORAGE — The 8-core CPU in the M2 chip delivers powerful performance, while the 10‑core GPU provides blazing-fast graphics. Add all-day battery life, and you can do everything you can imagine on iPad Pro. Up to 2 terabytes of storage means you can store everything from apps to large files like 4K video.,APPLE PENCIL AND MAGIC KEYBOARD — Apple Pencil (2nd generation) transforms iPad Pro into an immersive drawing canvas and the world’s best note‑taking device. Magic Keyboard features a great typing experience and a built‑in trackpad, while doubling as a protective cover for iPad.,12.9-INCH LIQUID RETINA XDR DISPLAY — Get 1000 nits of full‑screen brightness and 1600 nits of peak brightness, a 1,000,000:1 contrast ratio, Reference Mode for a more color-accurate workflow, and advanced display technologies like ProMotion, True Tone, and P3 wide color. The Liquid Retina XDR display is perfect for viewing and editing HDR photos and video, enjoying your favorite shows, or even playing games.,UNLOCK AND PAY WITH FACE ID — Unlock your iPad Pro, securely authenticate purchases, sign in to apps, and more — all with just a glance.,ADVANCED CAMERAS — iPad Pro features a 12MP Ultra Wide front camera that supports Center Stage for videoconferencing and selfies. The 12MP Wide and 10MP Ultra Wide back cameras with True Tone flash are great for capturing photos or 4K video with ProRes support. And AR experiences are enhanced with the LiDAR Scanner to capture a depth map of any space.,LEGAL DISCLAIMERS — This is a summary of the main product features."
"Apple iPad Air 2 128GB Factory Unlocked (Wi-Fi + Cellular 4G LTE, Space Gray) Newest Version (Renewed)",$,4.1 out of 5 stars,228 global ratings,"This Certified Refurbished product has been tested and certified to work and look like new, with minimal to no signs of wear, by a specialized third-party seller approved by Amazon. The product is backed by a minimum 90-day warranty and may arrive in a generic brown or white box. Accessories may be generic and not directly from the manufacturer."
"Apple iPad Air 2 9.7-Inch, 32GB Tablet (Space Gray) (Renewed)",$144.95,4.4 out of 5 stars,"1,325 global ratings","Apple iOS; 9.7-Inch Retina Display; 2048x1536 Resolution,A8X Chip with 64-bit Architecture; M8 Motion Coprocessor,Wi-Fi (802.11a, b, g, n, ac): 32 GB Capacity: 2GB RAM,8 MP iSight Camera; FaceTime HD Camera - Up to 10 Hours of Battery Life"
"Apple iPad 9.7-inch Retina Display with WIFI, 32GB, Touch ID, 2017 Mode - Space Gray (Renewed)",$154.00,4.5 out of 5 stars,"1,513 global ratings","Renewed products look and work like new. These pre-owned products have been inspected and tested by Amazon-qualified suppliers, which typically perform a full diagnostic test, replacement of any defective parts, and a thorough cleaning process. Packaging and accessories may be generic. All products on Amazon Renewed come with a minimum 90-day supplier-backed warranty.,9.7-inch Retina display, wide color and true tone,A9 third-generation chip with 64-bit architecture,M9 motion coprocessor"
Apple iPad Air 3 Gray 256GB WiFi,$299.00,4.5 out of 5 stars,"1,981 global ratings","10. 5-Inch Retina Display with True Tone and wide Color,A12 Bionic chip,Touch ID Fingerprint Sensor and Apple Pay,8MP back camera, 7MP FaceTime HD Front camera,Stereo speakers,802. 11ac Wi-Fi,Up to 10 hours of battery life,Lightning connector for charging and accessories,iOS 12 with Group FaceTime, shared augmented reality experiences, Screen Time, and more"
name,price,stars,rating_count,feature_bullets
"Apple iPad (9th Generation): with A13 Bionic chip, 10.2-inch Retina Display, 64GB, Wi-Fi, 12MP front/8MP Back Camera, Touch ID, All-Day Battery Life – Silver",$,4.8 out of 5 stars,"42,713 global ratings","WHY IPAD — All the essentials in the most affordable iPad, with a beautiful 10.2-inch Retina display, powerful A13 Bionic chip, and an Ultra Wide front camera with Center Stage. Work, play, create, learn, stay connected, and more.,IPADOS + APPS — iPadOS makes iPad more productive, intuitive, and versatile. With iPadOS, run multiple apps at once, use Apple Pencil to write in any text field with Scribble, and edit and share photos. iPad comes with essential apps like Safari, Messages, and Keynote, with over a million more apps available on the App Store.,FAST WI-FI CONNECTIVITY — Fast Wi-Fi keeps you connected at home, work, school, or wherever you go with your iPad.,PERFORMANCE AND STORAGE — The A13 Bionic chip gives you the graphics performance you need. And with all-day battery life, iPad is perfect for playing immersive games and more. Choose from 64GB or 256GB storage options.,APPLE PENCIL AND SMART KEYBOARD — Apple Pencil (1st generation) transforms iPad into an immersive drawing canvas and the world’s best note‑taking device. The Smart Keyboard features a comfortable typing experience and folds into a slim, lightweight cover for protection.,10.2-INCH RETINA DISPLAY — With incredible detail and vivid colors, it’s perfect for watching movies or drawing your next masterpiece. True Tone adjusts the display to the color temperature of the room to make viewing comfortable in any light.,UNLOCK AND PAY WITH TOUCH ID — Touch ID is built into the top button, so you can use your fingerprint to unlock your iPad, sign in to apps, and make payments securely with Apple Pay.,FRONT AND BACK CAMERAS — iPad features a 12MP Ultra Wide front camera that supports Center Stage for videoconferencing and selfies. The 8MP Wide back camera is perfect for capturing photos, 1080p HD video, and scanning documents.,LEGAL DISCLAIMERS — This is a summary of the main product features."
"2019 Apple iPad 7th Gen (10.2 inch, Wi-Fi, 32GB) Silver (Renewed)",$200.72,4.5 out of 5 stars,315 global ratings,"10. 2-inch Retina display,A10 Fusion chip,Touch ID fingerprint sensor,8MP back camera, 1. 2MP FaceTime HD front camera,Stereo speakers"
Apple iPad (2018 Model) with Wi-Fi only 32GB Apple 9.7in iPad - Space Gray (Renewed),$159.00,4.6 out of 5 stars,"5,814 global ratings","Renewed products look and work like new. These pre-owned products have been inspected and tested by Amazon-qualified suppliers, which typically perform a full diagnostic test, replacement of any defective parts, and a thorough cleaning process. Packaging and accessories may be generic. All products on Amazon Renewed come with a minimum 90-day supplier-backed warranty.,Display resolution: 2048 x 1536,Operating system: iOS,Powerful A10 Fusion chip"
"Apple iPad Air 2 128GB Factory Unlocked (Wi-Fi + Cellular 4G LTE, Space Gray) Newest Version (Renewed)",$,4.1 out of 5 stars,228 global ratings,"This Certified Refurbished product has been tested and certified to work and look like new, with minimal to no signs of wear, by a specialized third-party seller approved by Amazon. The product is backed by a minimum 90-day warranty and may arrive in a generic brown or white box. Accessories may be generic and not directly from the manufacturer."
"Apple 9.7-inch iPad (Early 2018, 32GB, Wi-Fi Only, Space Gray) MR7F2LL/A (Renewed)",$155.00,4.6 out of 5 stars,"3,210 global ratings","9.7"" Multi-Touch Retina Display 2048 x 1536 Screen Resolution (264 ppi),Apple A10 Fusion SoC and M10 Coprocessor 4G LTE | 802.11ac Wi-Fi | Bluetooth 4.4,Front 1.2MP FaceTime HD Camera Rear 8MP Camera,Apple Pencil Support Night Shift | Touch ID Sensor"
"Apple iPad Pro 11-inch (4th Generation): with M2 chip, Liquid Retina Display, 128GB, Wi-Fi 6E, 12MP front/12MP and 10MP Back Cameras, Face ID, All-Day Battery Life – Space Gray",$,4.8 out of 5 stars,932 global ratings,"WHY IPAD PRO — iPad Pro is the ultimate iPad experience, with the astonishing performance of the M2 chip, superfast wireless connectivity, and next-generation Apple Pencil experience. Plus powerful productivity features in iPadOS.,IPADOS + APPS — iPadOS makes iPad more productive, intuitive, and versatile. With iPadOS, run multiple apps at once, use Apple Pencil to write in any text field with Scribble, and edit and share photos. Stage Manager makes multitasking easy with resizable, overlapping apps and external display support. iPad Pro comes with essential apps like Safari, Messages, and Keynote, with over a million more apps available on the App Store.,FAST WI-FI CONNECTIVITY — Wi-Fi 6E gives you fast wireless connections. Work from almost anywhere with quick transfers of photos, documents, and large video files.,PERFORMANCE AND STORAGE — The 8-core CPU in the M2 chip delivers powerful performance, while the 10‑core GPU provides blazing-fast graphics. Add all-day battery life, and you can do everything you can imagine on iPad Pro. Up to 2 terabytes of storage means you can store everything from apps to large files like 4K video.,APPLE PENCIL AND MAGIC KEYBOARD — Apple Pencil (2nd generation) transforms iPad Pro into an immersive drawing canvas and the world’s best note‑taking device. Magic Keyboard features a great typing experience and a built‑in trackpad, while doubling as a protective cover for iPad.,11-INCH LIQUID RETINA DISPLAY — The gorgeous Liquid Retina display features advanced technologies like ProMotion, True Tone, P3 wide color, and ultralow reflectivity, which make everything feel responsive and look stunning.,UNLOCK AND PAY WITH FACE ID — Unlock your iPad Pro, securely authenticate purchases, sign in to apps, and more — all with just a glance.,ADVANCED CAMERAS — iPad Pro features a 12MP Ultra Wide front camera that supports Center Stage for videoconferencing and selfies. The 12MP Wide and 10MP Ultra Wide back cameras with True Tone flash are great for capturing photos or 4K video with ProRes support. And AR experiences are enhanced with the LiDAR Scanner to capture a depth map of any space.,LEGAL DISCLAIMERS — This is a summary of the main product features."
Apple iPad Air 16GB WiFi Tablet - Space Gray (Renewed),$95.00,3.8 out of 5 stars,440 global ratings,
Apple iPad 9.7inch with WiFi 32GB- Space Gray (2017 Model) (Renewed),$145.00,4.6 out of 5 stars,"10,108 global ratings","9.7-Inch Retina Display, wide Color and True Tone,A9 third-generation chip with 64-bit architecture,M9 motion coprocessor, 1.2MP FaceTime HD Camera,8MP insight Camera, touch ID, Apple Pay"
"2014 Apple iPad Air 2 (9.4 inch, Wi-Fi, 64GB) Silver (Renewed)",$149.99,4.2 out of 5 stars,"1,538 global ratings","Apple iOS 8; 9.7-Inch Retina Display; 2048x1536 Resolution,A8X Chip with 64-bit Architecture; M8 Motion Coprocessor,Wi-Fi (802.11a, b, g, n, ac): 16 GB Capacity: 2GB RAM,8 MP iSight Camera; FaceTime HD Camera - Up to 10 Hours of Battery Life"
"Apple iPad Pro 12.9-inch (6th Generation): with M2 chip, Liquid Retina XDR Display, 256GB, Wi-Fi 6E, 12MP front/12MP and 10MP Back Cameras, Face ID, All-Day Battery Life – Space Gray",$,4.7 out of 5 stars,848 global ratings,"WHY IPAD PRO — iPad Pro is the ultimate iPad experience, with the astonishing performance of the M2 chip, superfast wireless connectivity, and next-generation Apple Pencil experience. Plus powerful productivity features in iPadOS.,IPADOS + APPS — iPadOS makes iPad more productive, intuitive, and versatile. With iPadOS, run multiple apps at once, use Apple Pencil to write in any text field with Scribble, and edit and share photos. Stage Manager makes multitasking easy with resizable, overlapping apps and external display support. iPad Pro comes with essential apps like Safari, Messages, and Keynote, with over a million more apps available on the App Store.,FAST WI-FI CONNECTIVITY — Wi-Fi 6E gives you fast wireless connections. Work from almost anywhere with quick transfers of photos, documents, and large video files.,PERFORMANCE AND STORAGE — The 8-core CPU in the M2 chip delivers powerful performance, while the 10‑core GPU provides blazing-fast graphics. Add all-day battery life, and you can do everything you can imagine on iPad Pro. Up to 2 terabytes of storage means you can store everything from apps to large files like 4K video.,APPLE PENCIL AND MAGIC KEYBOARD — Apple Pencil (2nd generation) transforms iPad Pro into an immersive drawing canvas and the world’s best note‑taking device. Magic Keyboard features a great typing experience and a built‑in trackpad, while doubling as a protective cover for iPad.,12.9-INCH LIQUID RETINA XDR DISPLAY — Get 1000 nits of full‑screen brightness and 1600 nits of peak brightness, a 1,000,000:1 contrast ratio, Reference Mode for a more color-accurate workflow, and advanced display technologies like ProMotion, True Tone, and P3 wide color. The Liquid Retina XDR display is perfect for viewing and editing HDR photos and video, enjoying your favorite shows, or even playing games.,UNLOCK AND PAY WITH FACE ID — Unlock your iPad Pro, securely authenticate purchases, sign in to apps, and more — all with just a glance.,ADVANCED CAMERAS — iPad Pro features a 12MP Ultra Wide front camera that supports Center Stage for videoconferencing and selfies. The 12MP Wide and 10MP Ultra Wide back cameras with True Tone flash are great for capturing photos or 4K video with ProRes support. And AR experiences are enhanced with the LiDAR Scanner to capture a depth map of any space.,LEGAL DISCLAIMERS — This is a summary of the main product features."
"Apple iPad Air 2 MGTY2LL/A (128GB, Wi-Fi, Silver) (Renewed)",$174.95,4.1 out of 5 stars,372 global ratings,"Apple iOS 8; 9.7-Inch Retina Display; 2048x1536 Resolution,A8X Chip with 64-bit Architecture; M8 Motion Coprocessor,Wi-Fi (802.11a, b, g, n, ac): 128 GB Capacity: 2GB RAM,8 MP iSight Camera; FaceTime HD Camera - Up to 10 Hours of Battery Life"
"Apple iPad Air 2, 64 GB, Space Gray (Renewed)",$155.00,4.4 out of 5 stars,"4,742 global ratings","Apple iOS 8; 9.7-Inch Retina Display; 2048x1536 Resolution,A8X Chip with 64-bit Architecture; M8 Motion Coprocessor,Wi-Fi (802.11a/b/g/n/ac): 16 GB Capacity: 2GB RAM,8 MP iSight Camera; FaceTime HD Camera - Up to 10 Hours of Battery Life"
"2022 Apple iPad (10.9-inch, Wi-Fi, 64GB) - Silver (Renewed)",$399.00,4.6 out of 5 stars,60 global ratings,"Striking 10.9-inch Liquid Retina display with True Tone - Go far with all-day battery life,A14 Bionic chip with 6-core CPU and 4-core GPU - Wi-Fi 6 and 5G cellular models available,12MP Ultra Wide back camera - Landscape 12MP Ultra Wide front camera with Center Stage,iPadOS 16 makes your iPad even more capable with powerful new productivity and collab features,USB-C connector for charging and accessories - Works with Apple Pencil (1st gen) and Magic Keyboard Folio"
"Apple iPad Air 2 9.7-Inch, 32GB Tablet (Space Gray) (Renewed)",$144.95,4.4 out of 5 stars,"1,325 global ratings","Apple iOS; 9.7-Inch Retina Display; 2048x1536 Resolution,A8X Chip with 64-bit Architecture; M8 Motion Coprocessor,Wi-Fi (802.11a, b, g, n, ac): 32 GB Capacity: 2GB RAM,8 MP iSight Camera; FaceTime HD Camera - Up to 10 Hours of Battery Life"
Apple iPad Air 16GB Silver Wi-Fi A1474,$114.00,4.2 out of 5 stars,766 global ratings,"This refurbished product is tested and certified to look and work like new. The refurbishing process includes functionality testing, basic cleaning, inspection, and repackaging. The product ships with all relevant accessories, and may arrive in a generic box"
"2021 Apple iPad 9th Gen (10.2 inch, Wi-Fi + Cellular, 64GB) Space Gray (Renewed)",$307.97,4.7 out of 5 stars,935 global ratings,"Gorgeous 10.2-inch Retina display with True Tone - A13 Bionic chip with Neural Engine,8MP Wide back camera, 12MP Ultra Wide front camera with Center Stage,Up to 256GB storage - Fast 802.11ac Wi-Fi - Up to 10 hours of battery life,Touch ID for secure authentication and Apple Pay - Stereo speakers,Lightning connector for charging and more accessories"
"Apple iPad (10.2-inch, Wi-Fi, 32GB) - Space Gray (Latest Model, 8thGEneration) (Renewed)",$243.00,4.6 out of 5 stars,"2,454 global ratings","Gorgeous 10.2-Inch Retina Display - A12 Bionic Chip with Neural Engine,8MP Back Camera, 1.2MP FaceTime HD Front Camera - Stereo Speakers,802.11AC Wi-Fi 5 - Lightning Connector for Charging & More Accessories,Up to 10 Hours of Battery Life/Charge - Touch ID Fingerprint Sensor,Support for Smart Keyboard and Apple Pencil (1st Generation)"
Apple iPad mini 7.9in WiFi 16GB iOS 6 Tablet 1stGEneration - Black & Space Gray (Renewed),$99.00,3.6 out of 5 stars,"2,471 global ratings","Please note this model cannot be updated past iOS 12.5.5 (2021) and may not support certain applications,WiFi Only,16GB"
"Apple iPad Mini 4, 64GB, Silver - WiFi (Renewed)",$,4.2 out of 5 stars,293 global ratings,"This Certified Refurbished product is tested and certified to look and work like new, with limited to no signs of wear. The refurbishing process includes functionality testing, inspection, and repackaging. The product ships with all relevant accessories, a minimum 90-day warranty, and may arrive in a generic box. Only select sellers who maintain a high performance bar may offer Certified Refurbished products on Amazon.,7.9-inch LED-backlit Multi-Touch Display; 1024-by-768 Resolution,5 MP iSight Camera; 1080p HD Video Recording,Wi-Fi (802.11a/b/g/n); 64 GB Capacity,Up to 10 Hours of Battery Life; 0.68 lbs"
"2017 Apple iPad Pro (10.5-inch, Wi-Fi + Cellular, 64GB) - Silver (Renewed)",$220.00,4.2 out of 5 stars,83 global ratings,"10.5-inch Retina display, ProMotion technology, Wide color display (P3) wtih True Tone display technology,Four-speaker audio,FaceTime HD camera and iSight camera with flash,Apple Pencil Support,Smart Keyboard support"
"Apple iPad Air 2 MGTY2LL/A (128GB, Wi-Fi, Silver) (Renewed)",$174.95,4.1 out of 5 stars,372 global ratings,"Apple iOS 8; 9.7-Inch Retina Display; 2048x1536 Resolution,A8X Chip with 64-bit Architecture; M8 Motion Coprocessor,Wi-Fi (802.11a, b, g, n, ac): 128 GB Capacity: 2GB RAM,8 MP iSight Camera; FaceTime HD Camera - Up to 10 Hours of Battery Life"
"Apple iPad Pro Tablet (256GB, Wi-Fi, 9.7in) Gray (Renewed)",$286.00,4.4 out of 5 stars,262 global ratings,"9.7-inch LED-backlit IPS LCD Multi-Touchscreen Scratch-resistant glass w/ oleophobic coating; iOS 9 (upgradable); Internal Memory: 256GB, 2GB RAM,21 Megapixel Camera (3264 x 2448 pixels) w, Autofocus + Front-facing 1.2 Megapixel Camera w, face detection, HDR, FaceTime over Wi-Fi"
"Apple iPad Pro 2 12.9in (2017) 64GB, Wi-Fi - Space Gray (Renewed)",$,4.5 out of 5 stars,161 global ratings,"12.9-Inch Retina Display, 2732 x 2048 Resolution (264 ppi), 120Hz Refresh Rate, True Tone Display,256GB Flash Storage, 4GB RAM, 2.39GHz A10X Processor + M10 Coprocessor,802.11ac Wi-Fi, Rear 12MP iSight Camera; Front 7MP FaceTime HD Camera"
"PRITOM M10 10 inch Tablet - Android Tablet with 2GB RAM, 32GB ROM, 512GB Expandable, Quad Core, HD IPS Screen, 2.0 Front + 8.0 MP Rear Camera, WiFi, Bluetooth, Tablet PC with Long-Battery Life",$,4.0 out of 5 stars,"2,721 global ratings","★[HIGH PERFORMANCE ANDROID TABLET ] - Pritom Tronpad tablets comes with Android 10 Go OS, 2GB RAM, 32 GB ROM, the powerful and energy-saving Quad-core Processor enables quicker app launch, smoother videos, you can enjoy better overall performance experience. In addition, it includes a Micro SD card slot (can be added a expanded 256 GB TF Card Max, NOT included), making it easy to store Pictures videos, files etc. There is NO extra bloatware installed. Note: This tablet can't add a SIM Card.,★[LONG-LASTING ENTERTAINMENT] - Pritom 10 inch tablet features android 10, GMS Certified, you can download thousands of apps, such as, Netflix, YouTube, Skype, and more popular apps. The large battery and low-power CPU enhance your experience and allow you to enjoy up to 8 hours of mixed reading, watching TV shows, surfing the web, playing light games and more. It is a really good companion for your leisure and entertainment. Large IPS Touchscreen will be a plus.,★[Low bloatware & Dual Cameras] - With Front 2.0 MP & Rear 8.0 MP camera, which would bring your photos and videos to life. Pritom Tronpad 10'' tablet rivals most of the 10 inch tablet and it is convenient for taking photos, capturing and sharing those special moments with your friends and family. Pritom Tronpad tablet meets your basic daily needs, such as watching videos, Live and reading. A good tablet for your choise, very Low bloatware, No ads!,★[BRILLIANT IPS DISPLAY ] - Pritom 10 inch tablet PC adopts a 1280 x 800 brilliant HD IPS display. This android tablet has a sharper hierarchy of images and richer colors, and provides shocking performance of visual experience. With the Eye Health mode, an extra feature filters out blue light to relieve visual fatigue, and optimizes the backlight for a more comfortable reading experience.,★[1-year WARRANTY & SUPPORT] - Pritom Tablet PC comes with 1-year worry-free guarantee - If it is the tablet quality issue, return it and we’ll replace it for free. Pritom team focuses on the customer's pleasant shopping experience and provides reliable customer service. Please do not hesitate to contact us if you have any problem, we will give you on-time TECH SUPPORT and the better customer service. Looking foward to hearing from you(CS email)."
"Apple iPad Air (10.9-inch, Wi-Fi + Cellular, 256GB) - Sky Blue (Latest Model, 4th Generation) (Renewed)",$629.00,4.8 out of 5 stars,55 global ratings,"Stunning 10.9-Inch Liquid Retina Display with True Tone and P3 Wide Color,A14 Bionic Chip with Neural Engine - 802.11AX Wi-Fi 6 - Wide Stereo Audio,12MP Back Camera, 7MP FaceTime HD Front Camera - Up to 10 Hours of Battery Life,Touch ID for Secure Authentication - USB-C Connector for Charging and Accessories,Support for Magic Keyboard, Smart Keyboard Folio, and Apple Pencil (2nd Generation)"
"Apple iPad Air (10.9-inch, Wi-Fi, 256GB) - Sky Blue (Latest Model, 4th Generation) (Renewed)",$629.69,4.6 out of 5 stars,146 global ratings,"Stunning 10.9-Inch Liquid Retina Display with True Tone and P3 Wide Color,A14 Bionic Chip with Neural Engine - 802.11AX Wi-Fi 6 - Wide Stereo Audio,12MP Back Camera, 7MP FaceTime HD Front Camera - Up to 10 Hours of Battery Life,Touch ID for Secure Authentication - USB-C Connector for Charging and Accessories,Support for Magic Keyboard, Smart Keyboard Folio, and Apple Pencil (2nd Generation)"
"Apple iPad Air 2 9.7-Inch, 32GB Tablet (Gold) (Renewed)",$,4.5 out of 5 stars,367 global ratings,"Apple iOS; 9.7-Inch Retina Display; 2048x1536 Resolution,A8X Chip with 64-bit Architecture; M8 Motion Coprocessor,Wi-Fi (802.11a, b, g, n, ac): 32 GB Capacity: 2GB RAM,8 MP iSight Camera; FaceTime HD Camera - Up to 10 Hours of Battery Life"
"PRITOM Android Tablet 10 inch, M10, 2 GB RAM, 32 GB Android 10.0 Tablet, 10.1 inch IPS HD Display, GPS, FM, Quad-Core Processor, Wi-Fi (M10 Black)",$,4.0 out of 5 stars,"2,781 global ratings","High Performance Android Table -Pritom Tronpad tablet comes with the latest Android 10.0 , The powerful and energy-saving 32 bit Quad-core processor 1. 5GHz, 2GB RAM,enables quicker app launch, smoother videos and better overall performance. In addition, it includes a micro SD card slot (can be added a 128 GB SD card Max, NOT included), no more worrying about storage space, making it easy to store videos etc.,Native and Latest Android - Android 10.0: 5000mAh lithium polymer battery and low-power CPU enhance your experience and allow you to enjoy up to 6 hours of mixed reading, watching TV shows, surfing the web, playing light games and more. It is a really good companion for you,Stunning IPS Display-The 10 inch tablet adopts a 1280 x 800 IPS display, which presents a sharper hierarchy of images and richer colors for a more true-to-life viewing experience from all angles.Read comfortably at night with Eye Health, an extra feature that automatically adjusts and optimizes the backlight for a more comfortable nighttime reading experience.,32GB ROM with Expandable Memory-The tablet offers 32GB of onboard memory and includes a microSD card slot (microSD card sold separately) that allows you to add up to an additional 128GB of memory, keep all your favorite media with you wherever you go, such as eBooks, songs, videos, photos, music, etc.,Tablet equipped with HD IPS 1280 x 800 pixel touch screen. The IPS screen can show clear and stable images and help you not feel eye fatigue after using the tablet for a long time. Lightweight body is suitable for carrying."
"Apple iPad Pro (11-inch, Wi-Fi, 64GB) - Space Gray (2018) (Renewed)",$,4.5 out of 5 stars,"1,082 global ratings","The 11"" touch screen LED-backlit display and 1668 x 2388 resolution will have playing all day!,The 11"" touch screen LED-backlit display and 1668 x 2388 resolution will have playing all day!,Lighten your load with this light weight tablet and entertain your down time with its long lasting battery."
"Apple iPad Air (10.9-inch, Wi-Fi, 64GB) - Sky Blue (Latest Model, 4th Generation) (Renewed)",$419.46,4.4 out of 5 stars,610 global ratings,"Stunning 10.9-Inch Liquid Retina Display with True Tone and P3 Wide Color,A14 Bionic Chip with Neural Engine - 802.11AX Wi-Fi 6 - Wide Stereo Audio,12MP Back Camera, 7MP FaceTime HD Front Camera - Up to 10 Hours of Battery Life,Touch ID for Secure Authentication - USB-C Connector for Charging and Accessories,Support for Magic Keyboard, Smart Keyboard Folio, and Apple Pencil (2nd Generation)"
"10 Inch Android Tablet pc, 64GB ROM 128GB Expand, Octa-Core Tablets, IPS HD Touch Screen,Google Certificated Wi-Fi Tablets, G+G, 8MP Camera, Long Battery Life,Black-(with Leather case)……………",$,4.1 out of 5 stars,975 global ratings,"【Strong and High-Performance Processor】--This smart Android tablet is equipped with a powerful Android 11.0 system, The powerful processor makes the apps run faster and smoother, offers you a quick and fluent experience of entertainment. Tablet Android with certification of Google Mobile Service (GMS) and pre-installed Google Play supports Facebook, Twitter, YouTube, TikTok, Line, Instagram and other trendy social apps, Support Microsoft Office Software. 5MP front and 8MP rear with auto focus camera meet the basic needs of video talk and photography.,【Huge Capacity Storage】--This Google tablet is equipped with 4GB RAM, 64GB ROM, supports 128G capacity expansion, includes a micro SD slot, lightweight but excellent, allows you to download a large number of applications from Google Play Store and have fun with them. With this lightweight tablet, you can keep all your favorite multi-medias with you wherever you go, such as emails, photos, games, music, videos, eBook, etc. Huge storage also ensures a fast running speed and a better user experience.,【Long Battery Life】 Powered by a 6000mAh battery, the 10” tablet can stand by for up to 15 days and play video for up to 5 hours. Easily charge via the USB Type-C port and rest assured the battery will last. Video chat or snap selfies on the front camera, or document your day on the rear camera and share to social media on the ultra-fast Wi-Fi.,【G+G 10.1"" HD IPS Touchscreen】The 1280*800 IPS glass touch screen with narrow bezels presents a better & vibrant viewing experience, 2.5D Curved Screen Reduces Eye Fatigue, brings all your contents to life with dual speakers. Eye comfort mode is available for a better and eye-friendly viewing experience even in a low-light environment.,【Ideal Choice For Gift & Rest Assured】 This Google tablet has excellent performance, stylish appearance, and elegant packaging, making it the perfect choice for Christmas, Valentine's Day, birthday, and bar mitzvahs. this android 10 inch tablet have 24 months’ guarantee policy, if the product is found"
"IWEGGO Tablet 8 inch Tablet with Case, Android 11 Tablet, 2GB RAM+32GB ROM, Quad-Core 1.5GHz Processor, 4300mAh Battery, Tableta 1280*800 IPS FHD Display, 2MP+5MP Dual Camera, FM, Type-C, incloud case",$,3.7 out of 5 stars,121 global ratings,"【Tablet with Case】 The 8-inch tablet is in a fashion shape, it is lightweight and easy to carry and use in kitchen countertop, desktop and outside. This 8'' tablet PC comes with an extra case that you don't have to spend time looking for a case for your tablet. This leather case is made specifically for this tablet. Durable material, this leather case can last a long time and is good that protects the tablet from scratches, drops, shocks, etc. It is a good choice as a gift for children.,【HD IPS Screen with Eye health Mode】 This tablet PC adopts a 1280x800 HD IPS display. Enjoy brilliant colors, crisp text, and vivid video viewing when you watch videos or reading. This tablet features sharper image levels and richer colors, and delivers stunning visual experience performance. Optimized backlighting for a comfortable reading experience through eye health mode. This tablet has a few more surprises waiting for you to explore.,【Long-lasting Entertainment】 The android 11 tablet is built-in 4300 mAh battery, it allows you to read and watch movies, browse the internet and play games for mixing use up to 8 hours. These tablets by Google Certified, you can download thousands of apps in the Google Play Store, such as Netflix, Youtube, Skype, TikTok, etc. It is a really good companion for you leisure and entertainment, which is also great for studying and working.,【1.5GHz Android 11 tablet】 This tablet comes with the latest Android 11 OS, 2GB RAM+32GB ROM, Tablets PC use a stable Quad-Core CPU up to 1.5GHz, enables faster app launching, smoother videos and higher-performance. 32GB large storage makes it more convenient to handle files, songs, pictures, videos and more games. In addition, This 8inch Tablet PC includes a TF card slot ( 512GB expandble, NOT included),【365 Day Warranty】 IWEGGO tablets PC comes with 12-month quality warranty. IWEGGO team provides reliable customer service. Please do not hesitate to get in touch with us in your free time if you have any problem, we will give you on-time tech support and resolve your issue ASAP."
Apple iPad Pro 10.5in - 256GB Wifi - 2017 Model - Silver (Renewed),$,4.5 out of 5 stars,138 global ratings,"Up to 10 Hours of Battery Life,14 MP iSight Camera, True Tone Flash, Panorama (up to 63MP), Four-Speaker Audio,Apple iOS 10, A10X Fusion chip with 64-bit architecture Embedded M10 coprocessor,10.5 inch Retina Display, 2224 x 1668 Resolution, Wide Color and True Tone Display,Certified Refurbished products are tested and certified to look and work like new, with limited to no wear, by a third-party refurbisher. The refurbishing process includes functionality testing, cosmetic inspection, and repackaging. The product is backed by a minimum 90-day warranty, and may arrive in a generic brown or white box. The product ships with a charger and cable, but does not include headphone or manual. Accessories may be generic and not directly from the Manufacturer."
"2023 Newest Tablet 10 Inch, Android 11 Tablet Newest Quad-core Processor, 2 in 1 Tablet with Keyboard, 64GB ROM + 4GB RAM Storage, 128GB Expandable, 5G WiFi, Bluetooth, GPS, 1280 * 800 HD Display",$,4.3 out of 5 stars,178 global ratings,"【ENJOY YOUR LIFE】QUKENK Tablet is equipped with a powerful Quad-core Processor and 5G WIFI support, it makes the apps run faster and smoother. 10.1-inch Tablet screen size with 1080P HD display offers you a quick and clear entertainment experience.,【MORE THAN A TABLET】QUKENK Tablet comes with a Bluetooth Keyboard, Pen, Wireless Mouse, and foldable protective case, it flexibly turns the tablet into a laptop and smartphone mode, making it 2 in 1 Tablet. Perfect for home entertainment and office.,【MASS STORAGE】The Android tablet has 4GB RAM, 64GB internal storage and expandable storage up to 128 GB, plenty of memory to store videos, music, games and more file.,【LONG LAST】Equipement with a 6000mAh large capacity battery and low power consumption CPU ensures a long-lasting. Support 8-12 hours of mixed-use. Fit for traveling and home.,【BEST GIFT】Fashion design and lightweight tablet is definitely the best choice for Christmas or Valentine's Day. We provide professional tablet for 5 years with considerate service, please feel free to contact our customer service if you have any problems."
"Apple iPad with Retina Display MD513LL/A (16GB, Wi-Fi, White) 4th Generation (Renewed)",$,3.6 out of 5 stars,82 global ratings,
Apple iPad Air 2 128GB Factory Unlocked Gold (Wi-Fi + Cellular 4G LTE) Newest Version (Renewed),$,4.1 out of 5 stars,184 global ratings,"100% functional item backed by Cellular Professor's 60-day warranty,Network: GSM Unlocked + Verizon + AT&T + T-Mobile (just insert your SIM Card),Storage: 128GB,Color: Gold"
"Apple iPad 9.7in 6th Generation WiFi + Cellular (128GB, Silver) (Renewed)",$,4.5 out of 5 stars,143 global ratings,"9.7"" Multi-Touch Retina Display 2048 x 1536 Screen Resolution (264 ppi),Apple A10 Fusion SoC and M10 Coprocessor 4G LTE | 802.11ac Wi-Fi | Bluetooth 4.13,Front 1.2MP FaceTime HD Camera Rear 8MP Camera,Apple Pencil Support Night Shift | Touch ID Sensor"
Apple iPad Pro 10.5in - 512GB Wifi - 2017 Model - GREY (Renewed),$489.99,4.4 out of 5 stars,123 global ratings,"Renewed products look and work like new. These pre-owned products have been inspected and tested by Amazon-qualified suppliers, which typically perform a full diagnostic test, replacement of any defective parts, and a thorough cleaning process. Packaging and accessories may be generic. All products on Amazon Renewed come with a minimum 90-day supplier-backed warranty.,10.5 inch Retina Display, 2224 x 1668 Resolution, Wide Color and True Tone Display,Apple iOS 10, A10X Fusion chip with 64-bit architecture Embedded M10 coprocessor,14 MP iSight Camera, True Tone Flash, Panorama (up to 63MP), Four-Speaker Audio,Up to 10 Hours of Battery Life"
"Apple iPad mini 4 (16GB, Wi-Fi, Silver) (Refurbished)",$,4.2 out of 5 stars,159 global ratings,"Renewed products look and work like new. These pre-owned products have been inspected and tested by Amazon-qualified suppliers, which typically perform a full diagnostic test, replacement of any defective parts, and a thorough cleaning process. Packaging and accessories may be generic. All products on Amazon Renewed come with a minimum 90-day supplier-backed warranty."
"Apple iPad Mini 4 (128GB, Wi-Fi + Cellular, Gold) (Renewed)",$249.00,4.1 out of 5 stars,251 global ratings,"7.9in Retina Display, 2048 x 1536 Resolution,Apple iOS 9, Dual-Core A8 Chip with Quad-Core Graphics,8 MP iSight Camera, 1080p HD Video Recording"
"Apple 2021 10.2-inch iPad (Wi-Fi, 64GB) - Space Gray with AppleCare+ (Renews Monthly Until Cancelled)",$273.48,5.0 out of 5 stars,1 global rating,"Gorgeous 10.2-inch Retina display with True Tone,A13 Bionic chip with Neural Engine,AppleCare+ for iPad extends your repair coverage and technical support to two years from your AppleCare+ purchase date,It adds coverage for up to two incidents of accidental damage from handling, each subject to a service fee of $49 for iPad and $29 for Apple Pencil, plus applicable tax"
"Apple iPad with Retina Display MD513LL/A (16GB, Wi-Fi, White) 4th Generation (Renewed)",$,3.6 out of 5 stars,82 global ratings,
"Apple iPad Pro Tablet (128GB, LTE, 9.7in) Rose Gold (Renewed)",$219.99,4.2 out of 5 stars,128 global ratings,"9.7-inch LED-backlit IPS LCD Multi-Touchscreen,22 Megapixel Camera (3264 x 2448 pixels) w/ Autofocus + Front-facing 1.2 Megapixel Camera w/ face detection, HDR, FaceTime over Wi-Fi,Apple A9X 64-bit SoC with M9 Coprocessor,Scratch-Resistant and Oleophobic Coating"
Apple iPad Air 3-256GB - WiFi - Silver (Renewed Premium),$289.99,3.0 out of 5 stars,2 global ratings,Smart Connector. 3.5 mm headphone jack. Stereo speakers. On/Off - Sleep/Wake. Home/Touch ID sensor. Dual microphones. Volume up/down. Nano-SIM tray (cellular models). Lightning connector
"Apple iPad Pro 10.5in (2017) 256GB, Wi-Fi - Silver (Renewed)",$,4.4 out of 5 stars,114 global ratings,"Apple iOS 11 Operating System; A10X Fusion Chip with 64-bit architecture Embedded M10 Coprocessor,10.5-inch (diagonal) LED-backlit Multi-Touch Retina Display (2224 x 1668 resolution at 264 ppi),12 Megapixel iSight Camera with Quad-LED True Tone Flash and Panorama (up to 63MP),Wi-Fi and Bluetooth 4.2 Technology, FaceTime HD Camera, and Four-Speaker Audio"
"Apple iPad Air 2 MH2M2LL/A (64GB , Wi-Fi + 4G, Space Gray) VERSION (Renewed)",$170.00,4.2 out of 5 stars,436 global ratings,"Renewed products look and work like new. These pre-owned products have been inspected and tested by Amazon-qualified suppliers, which typically perform a full diagnostic test, replacement of any defective parts, and a thorough cleaning process. Packaging and accessories may be generic. All products on Amazon Renewed come with a minimum 90-day supplier-backed warranty.,A8X Chip with 64-bit Architecture; M8 Motion Coprocessor,Apple iOS 8; 9.7-Inch Retina Display; 2048x1536 Resolution,Wi-Fi (802.11a, b, g, n, ac) + Cellular; 64 GB Capacity,8 MP iSight Camera; FaceTime HD Camera"
IPAD AIR 2 WI-FI 64GB GRAY (Renewed),$,4.4 out of 5 stars,673 global ratings,
"Apple iPad Air (10.5-Inch, Wi-Fi + Cellular, 64GB) - Space Gray (3rd Generation) (2019) (Renewed)",$249.77,4.0 out of 5 stars,106 global ratings,"10.5-inch Retina Display with True Tone and wide Color,A12 Bionic chip,Touch ID Fingerprint Sensor and Apple Pay,8MP back camera, 7MP FaceTime HD Front camera,Stereo speakers,802.11ac Wi-Fi and Gigabit-class LTE cellular data,Up to 10 hours of battery life,Lightning Connector for charging and accessories,iOS 12 with group FaceTime  shared augmented reality experiences, screen time, and more"
"Apple iPad mini 4 (32GB, Wi-Fi + Cellular, Space Gray) (Renewed)",$,4.3 out of 5 stars,113 global ratings,"Renewed products look and work like new. These pre-owned products have been inspected and tested by Amazon-qualified suppliers, which typically perform a full diagnostic test, replacement of any defective parts, and a thorough cleaning process. Packaging and accessories may be generic. All products on Amazon Renewed come with a minimum 90-day supplier-backed warranty."
"Cheerjoy Kids Tablet 10 inch, Android 12 Tablet for Kids with Parent Control, Kidoz Pre-Installed, 2GB+32GB, 6000mAh Dual Camera WiFi Bluetooth Tablet, Children Tablet with Shock-Proof Case (Blue)",$,4.8 out of 5 stars,55 global ratings,"Newest Friendly Kids Tablet - The 10 inch kids tablet runs on the latest Android 12 and equipped with 1.6Ghz quad-core processor, 2GB RAM, 32GB ROM, which makes our tablet run smoothly when browsing app and medias. It has security controls; content management; behavioral restrictions, theme and user settings, etc. It's easy to operate and enough for kids to watch movies, play games, listen to music. A good tablet companion for kids exploring.,Kids Safety & Parent Control - Cheerjoy kids android tablet adopts Kidoz app, which can offer safe content and guarantee thousands of filtered content suitable for growing minds. With the preinstalled Familygroup app in this kids learning tablet, parents can set screen time limit, security modes, and content management easily to create a safe online environment for kids. Through parental control mode, parents can also check activities on children's tablet,how offen and how long it was used.,Eye Protection with Large Storage - This large kids tablet 10 inch with IPS 1280*800 HD touchscreen, designed with low blue light technology, high contrast, wide viewing angle, automatically adjust the brightness to minimize damage children's eyes. With built-in 32GB storage space,which can be expanded to 128GB through the Micro SD slot, you can download or save more suitable videos, cartoons, education games etc. for children.,Long Battery Life - The kids tablet has big capacity 6000mAhs battery, normally up to 8-12hrs using time under fully charges conditon. which enhances your experience and allow your kids to enjoy their time. This android tablet needs to be charged soon if the power is lower than 5% to protect the tablet battery life, anyway, it's a wonderful companion to your kids for learning and playing.,Shockproof Case - This tablet for kids comes with a silicone case - lightweight, durable and impact resistant, designed to prevent the children tablet from scratch, dirt, dust, etc. during falls and collisions. The case has stand function, so kids don't need to hold the tablet all the time while learning, watching and playing games. This android kids tablet offers a multi-selection of age-appropriate online, a best gift for children girls and boys."
"SEBBE Android 11 Tablet, 2 in 1 Tablets, 10.36 Inch HD Display, Octa-Core Processor, 5G+2.4G WiFi, 4GB RAM+64GB ROM(Up to 256G), 8000 mAh Battery, Split Screen Support Tableta with Keyboard - Gold",$,4.2 out of 5 stars,443 global ratings,"【Superior Watching Experience】 With an ultra-wide 10.36 inch HD+ screen, SEBBE S23 tablet allows you to enjoy vivid visual and auditory in 1332 x 800 resolution and loud and clear dual speakers. This 2023 upgraded Android 11 tablet is powered by Octa-Core Processor and provides + 40% faster processing speed than regular Quad-Core. It's perfect for home and office.,【Strong Performance】The tablet has 4GB RAM, 64GB internal storage and expandable storage up to 128 GB. The GMS Certified latest Android 11 Tablet already Pre-installed basic Google apps，Like Netflix, Youtube, Hulu and Facebook. You can get rid of unexpected ads and download apps from Google Play. The android tablet also support Split screen operation, do not interfere with each other in a new parallel vision, multiple apps used at the same time.,【Long Lasting Battery】Equipped with a long-lasting and environmentally compliant 8000 mAh battery, this 10.36-inch tablet will effortlessly provide you with up to 8 hours of support for reading, browsing, watching movies and playing games. The long-lasting battery life and lightweight design allow you to enjoy your tablet anywhere, anytime.,【Slim & Refined Design】 The portable tablet is 1.05 pounds Light weight and 0.9cm thin, also has a 2-in-1 working mode, You can use the Bluetooth function to connect the keyboard, mouse, stylus, With a foldable protective case, You can flexibly turn the tablet into a laptop. The light gold and dark gold combined back design stands out anywhere and also makes a great gift for family and friends.,【Best Service】 The Android 11.0 tablet supports 6 months free replacement and two-year warranty, If you have any questions, Please feel free to contact us. The packing list: 1 x SEBBE S23 Tablet, 1 x Case, 1 x Keyboard, 1 x Mouse, 1 x OTG Adapter, 1x Touch Pen, 1 x Earphone, 1 x Protective Film, 1 x Type-C Cable, 1 x Charger, 1 x Manual."
Samsung Galaxy Tab 4 10.1in 16gb WiFi Black (Renewed),$,4.0 out of 5 stars,"1,617 global ratings","Android 4.4 Kit Kat OS, 1.2 GHz quad-core Qualcomm processor,16 GB Flash Memory, 1.5 GB RAM Memory,WXGA Display (1280x800 Resolution),64GB of memory available through a microSD slot and 50GB of free Dropbox storage"
"NORTH BISON Kids Tablet, 7 inch Android 11.0 Tablet for Kids, 3GB 32GB Toddler Tablet with Bluetooth, WiFi, GMS, Parental Control, Dual Camera, Shockproof Case, Educational, Games",$,3.6 out of 5 stars,689 global ratings,"【Parental Control Mode】Kids Tablet with parental control mode, You can create and customize profiles for kids’ accounts, hand-pick content for your kids, control screen time, and ensure they are browsing safe websites. These security settings can be adjusted as kids grow with content tailored to their age.,【Pre-installed Kids App】 There are many kids free learning apps pre-installed in our toddler tablet. You can also download many other apps like Youtube, Netflix, Disney+, ABCmouse etc, from kids store or Google play store. Appropriate Age Grade Over 3 years old kids,【Android 11.0 / Battery Upgrade】1024x600 IPS HD Touch Screen, Android 11.0 OS, 3GB + 32GB, Wifi, Bluetooth, dual camera. you can expand the storage to 128 GB of SD cards for storing photos, music and videos with additional micro SD card extensions. The upgraded battery can last more than 6.5 hours, suitable for long-distance flights or road trips,【Standing Kids Tablet】The tablet case that can stand, so kids don't need to hold the tablet all the time while learning, watching and playing games. The case is made of impact-resistant soft silicone material that protects the tablet from scratches, dirt and bumps, drops, etc. Free hand while have pleasure, make happy double,【5-year Warranty】Our kids tablet offers a 5-year warranty and Lifetime customer service, we offer a one-month trial period, we will answer your any questions within 24 hours. Package includes：1 x Tablet PC, 1 x Protective Silicone Case, 1 x screen protector , 1 x OTG cable, 1 x Data Cable, 1 x User Manual"
"Apple iPad Pro 10.5-Inch 64GB Rose Gold (WiFi Only, Mid 2017) MQDY2LL/A (Renewed)",$335.00,4.3 out of 5 stars,66 global ratings,"Up to 10 Hours of Battery Life,Apple iOS 10, A10X Fusion chip with 64-bit architecture Embedded M10 coprocessor,10.5 inch Retina Display, 2224 x 1668 Resolution, Wide Color and True Tone Display,23 MP iSight Camera, True Tone Flash, Panorama (up to 63MP), Four-Speaker Audio,Certified Refurbished products are tested and certified to look and work like new, with limited to no wear, by a third-party refurbisher. The refurbishing process includes functionality testing, cosmetic inspection, and repackaging. The product is backed by a minimum 90-day warranty, and may arrive in a generic brown or white box. The product ships with a charger and cable, but does not include headphone or manual. Accessories may be generic and not directly from the Manufacturer."
Apple iPad Pro 10.5in - 512GB Wifi - 2017 Model - ROSE GOLD (Renewed),$399.00,4.3 out of 5 stars,53 global ratings,"10.5 inch Retina Display, 2224 x 1668 Resolution, Wide Color and True Tone Display,Apple iOS 10, A10X Fusion chip with 64-bit architecture Embedded M10 coprocessor,14 MP iSight Camera, True Tone Flash, Panorama (up to 63MP), Four-Speaker Audio,Up to 10 Hours of Battery Life"
"Apple 2021 10.2-inch iPad (Wi-Fi, 256GB) - Space Gray with AppleCare+ (Renews Monthly Until Cancelled)",$402.49,,,"Gorgeous 10.2-inch Retina display with True Tone,A13 Bionic chip with Neural Engine,AppleCare+ for iPad extends your repair coverage and technical support to two years from your AppleCare+ purchase date,It adds coverage for up to two incidents of accidental damage from handling, each subject to a service fee of $49 for iPad and $29 for Apple Pencil, plus applicable tax"
"Apple iPad Mini 4, 128GB, Silver - WiFi (Renewed)",$270.00,4.4 out of 5 stars,716 global ratings,"Renewed products look and work like new. These pre-owned products have been inspected and tested by Amazon-qualified suppliers, which typically perform a full diagnostic test, replacement of any defective parts, and a thorough cleaning process. Packaging and accessories may be generic. All products on Amazon Renewed come with a minimum 90-day supplier-backed warranty.,7.9"" Retina Display, 2048 x 1536 Resolution,Apple iOS 9, Dual-Core A8 Chip with Quad-Core Graphics,8 MP iSight Camera, 1080p HD Video Recording,128GB Capacity, Wi-Fi (802.11a, b, g, n, ac) + MIMO + Bluetooth 4.2; Up to 10 Hours of Battery Life, 0.65 lbs"
"SGIN Kids Tablet, 10 Inch Tablet for Kids, 2GB+32GB Android 12 Kids Tablets with Case, WiFi, Parental Control APP, Dual Camera, Educational Games，iWawa Pre Installed (Blue)",$,4.5 out of 5 stars,264 global ratings,"【High Performance Android Tablet】 This kids tablet Equipped with 2GB RAM and 32GB ROM, highly integrated A133 1.6Ghz quad-core processor, WiFi, Bluetooth. The 1.6 GHz quad-core processor is 20% faster than other normal processors. Supporting TF Card to extende up to 32GB, It meet your need to store more TV shows, songs, photos, videos and movies. Take selfies，pictures and videos with the 2MP front-facing camera and 5MP rear camera.,【Pre-installed kids apps】 Tablet for kids comes with a safe and funny iWawa Kid's software. There are thousands of free games in kids store and all apps can be download for free. Kids can enjoy the math, language, music, painting in the game which is good for their talent.,【Large Capacity Battery & Eye Protection Screen】 The 5000mAh lithium battery and low-power CPU design ensure you enjoy 6-8 hours of reading, watching TV shows, surfing the web, and game playing. The 1280*800 HD IPS touch screen provide richer and more vibrant colors for excellent visual effects for your kids.,【Parental Control】 This toddler tablet is bulit-in parental control security system. Parents can set the passwords, set the screen time limit, eliminate unwanted ads, and also you can create specific media files for kids. Most importanly, Parents can create proper websites for kids， which make sure your kids playing the tablets in the right way. If you have more than one kids, you can set multiple accounts for each kids so that they can have their own account.,【Kid-Proof Case】 This kid tablet designed with blue case that can protect your toddler tablets against dust,bumps,and drops off. The hollow protective case has the function of heat dissipation. It's a great for kids in Birthday, Christmas, and New Year."
"10 Inch Android Tablet pc, 64GB ROM 128GB Expand, Octa-Core Tablets, IPS HD Touch Screen,Google Certificated Wi-Fi Tablets, G+G, 8MP Camera, Long Battery Life,Black-(with Leather case)……………",$,4.1 out of 5 stars,975 global ratings,"【Strong and High-Performance Processor】--This smart Android tablet is equipped with a powerful Android 11.0 system, The powerful processor makes the apps run faster and smoother, offers you a quick and fluent experience of entertainment. Tablet Android with certification of Google Mobile Service (GMS) and pre-installed Google Play supports Facebook, Twitter, YouTube, TikTok, Line, Instagram and other trendy social apps, Support Microsoft Office Software. 5MP front and 8MP rear with auto focus camera meet the basic needs of video talk and photography.,【Huge Capacity Storage】--This Google tablet is equipped with 4GB RAM, 64GB ROM, supports 128G capacity expansion, includes a micro SD slot, lightweight but excellent, allows you to download a large number of applications from Google Play Store and have fun with them. With this lightweight tablet, you can keep all your favorite multi-medias with you wherever you go, such as emails, photos, games, music, videos, eBook, etc. Huge storage also ensures a fast running speed and a better user experience.,【Long Battery Life】 Powered by a 6000mAh battery, the 10” tablet can stand by for up to 15 days and play video for up to 5 hours. Easily charge via the USB Type-C port and rest assured the battery will last. Video chat or snap selfies on the front camera, or document your day on the rear camera and share to social media on the ultra-fast Wi-Fi.,【G+G 10.1"" HD IPS Touchscreen】The 1280*800 IPS glass touch screen with narrow bezels presents a better & vibrant viewing experience, 2.5D Curved Screen Reduces Eye Fatigue, brings all your contents to life with dual speakers. Eye comfort mode is available for a better and eye-friendly viewing experience even in a low-light environment.,【Ideal Choice For Gift & Rest Assured】 This Google tablet has excellent performance, stylish appearance, and elegant packaging, making it the perfect choice for Christmas, Valentine's Day, birthday, and bar mitzvahs. this android 10 inch tablet have 24 months’ guarantee policy, if the product is found"
"2017 Apple iPad Pro (10.5-inch, Wi-Fi, 64GB) - Silver (Renewed)",$249.00,4.6 out of 5 stars,223 global ratings,"Up to 10 Hours of Battery Life,12 MP iSight Camera, True Tone Flash, Panorama (up to 63MP), Four-Speaker Audio,Apple iOS 10, A10X Fusion chip with 64-bit architecture Embedded M10 coprocessor,10.5 inch Retina Display, 2224 x 1668 Resolution, Wide Color and True Tone Display,Certified Refurbished products are tested and certified to look and work like new, with limited to no wear, by a third-party refurbisher. The refurbishing process includes functionality testing, cosmetic inspection, and repackaging. The product is backed by a minimum 90-day warranty, and may arrive in a generic brown or white box. The product ships with a charger and cable, but does not include headphone or manual. Accessories may be generic and not directly from the Manufacturer."
"Apple iPad Pro Tablet (32GB, Wi-Fi, 9.7in) Gray (Renewed)",$,4.4 out of 5 stars,148 global ratings,"Dual-Core 2.26 GHz (Twister) Processor, Chipset: Apple A9X; Wi-Fi 802.11 a/b/g/n/ac, Bluetooth: v4.0, A2DP, EDR, USB: v3.0, reversible connector, GPS: with A-GPS, GLONASS (Wi-Fi),12.9-inch LED-backlit IPS LCD Multi-Touchscreen Scratch-resistant glass w/ oleophobic coating; iOS 9 (upgradable); Internal Memory: 128GB, 4GB RAM,Dimensions: 12.04 x 8.69 x 0.27 (inches), Non-Removable Li-Ion 10,307 mAh Battery"
"Apple iPad Air (10.9-inch, Wi-Fi, 256GB) - Silver (Latest Model, 4th Generation) (Renewed)",$513.73,4.5 out of 5 stars,32 global ratings,"Stunning 10.9-Inch Liquid Retina Display with True Tone and P3 Wide Color,A14 Bionic Chip with Neural Engine - 802.11AX Wi-Fi 6 - Wide Stereo Audio,12MP Back Camera, 7MP FaceTime HD Front Camera - Up to 10 Hours of Battery Life,Touch ID for Secure Authentication - USB-C Connector for Charging and Accessories,Support for Magic Keyboard, Smart Keyboard Folio, and Apple Pencil (2nd Generation)"
"Apple iPad Air (10.9-inch, Wi-Fi + Cellular, 256GB) - Rose Gold (Latest Model, 4th Generation) (Renewed)",$,4.6 out of 5 stars,22 global ratings,"10.9"" LED-backlit Multi-Touch display with IPS technology, 2360x1640, 264ppi, 500nits brightness,256GB, 4GB, Apple A14 Bionic (5 nm), Hexa-core (2x3.0 GHz Firestorm + 4x1.8 GHz Icestorm), Apple GPU (4-core graphics),Rear Camera: 12MP, f/1.8, Front Camera: 7MP, f/2.0, iPadOS 14.1, up to iPadOS 15.5, planned upgrade to iPadOS 16, Bluetooth 5.0,2G: GSM 850/900/1800/1900, 3G: HSDPA 800/850/900/1700(AWS)/1900/2100, 4G LTE: 1/2/3/4/5/7/8/11/12/13/14/17/18/19/20/21/25/26/29/30/34/38/39/40/41/66/71,Unlocked for freedom to choose your carrier. Compatible with Most GSM + CDMA Carriers like T-Mobile, AT&T, MetroPCS, etc. Will Also work with CDMA Carriers Such as Verizon, Sprint."
IPAD AIR 2 WI-FI 64GB GRAY (Renewed),$,4.4 out of 5 stars,673 global ratings,
okaysea Tablet 10.1 Inch Quad-Core 32GB Android 10 IPS HD Display 6000mAh Tablets,$,4.1 out of 5 stars,"1,913 global ratings","✅[High-performance Tablet PC] Android 10.0 Tablet, rid of unexpected ads and have Full access to Google Play; 2GB RAM and Quad-Core Processor speed up multitasking.,✅[Free From Memory Anxiety] Okaysea Tablet loaded with 2GB RAM & 32GB ROM exanadable storage (up to 128GB).,✅[Long Battery Life] 10-Inch Tablet With a 6000mAh Ultra-large battery, allows to enjoy up to 8 hours It is a really good companion for your leisure and entertainment.,✅[10 INCHES IPS Display] Android Tablets Use a 1280*800 HD IPS display can present clearer picture effects and richer colors. With dual camera, 128GB expandable, WiFi support.,✅[After-sales service] Offer a 1-year return and exchange service. comes with a USB Type-C cable, A Charging brick. To ensure the quality of our service, please contact us if you have any questions about this tablet."
"Apple iPad with WiFi, 128GB, Silver (2017 Model) (Renewed)",$243.99,4.5 out of 5 stars,"2,563 global ratings","Renewed products look and work like new. These pre-owned products have been inspected and tested by Amazon-qualified suppliers, which typically perform a full diagnostic test, replacement of any defective parts, and a thorough cleaning process. Packaging and accessories may be generic. All products on Amazon Renewed come with a minimum 90-day supplier-backed warranty."
"2023 Newest Tablet with Keyboard, 10 inch 2 in 1 Tablets, Android 11 OS Quad-Core Processor, 64GB ROM+4GB RAM+1TB Expend Tablet PC, Case/Mouse/Stylus/8MP Camera/6000mAh Battery/1280x800 HD Display",$,3.9 out of 5 stars,132 global ratings,"【2023 Newest Tablet with keyboard】 The portable tablet has a 2-in-1 working mode, you can use the bluetooth function to connect the keyboard, mouse, come with a foldable protective case stylus, and film, you can flexibly turn the tablet into a laptop mode or computer mode for different use, edit your papers, emails, ppts comfortably.,【Upgraded to 64GB ROM Storage】The latest Android 11 system, 1.8Ghz Quad-core processor, 4GB RAM+64GB ROM (1TB Expandable), ensure the android tablet pc running faster, stable, enough memory allows you to store more favorite e-books, movies, music, pictures, videos, games.,【High Definition Dual Cameras】IWEGGO 10 inch tablet computer has ultra-thin metal body, 1280x800 FHD IPS screen, presenting a vivid, colorful and dazzling visual experience. The cheap android 11 tablet with rear 8mp autofocus camera + front 5mp wide-angle lens for easy shooting of high-definition photos and videos.,【Fast connection 2.4G/5G/WiFi 6 Tablet】 Ultra-fast 2.4Ghz / 5Ghz Wi-Fi 6 and Bluetooth 5.0 technology provide more convenience. This version has passed GMS certification, you can download thousands of apps, such as YouTube, Netflix, large-scale games, Google maps, office software, etc.,【Large battery with low power consumption】 The android 11 tablets pc 6000mAh lithium polymer battery and low power CPU, it can be easily used at home or on the go. Enjoy watching TV, surfing the Internet, listening to music, shopping and other functions. It is a good companion for your entertainment and the best gift for all kinds of festivals and birthdays."
Apple iPad Air 2 16GB WiFi 2GB iOS 10 9.7in Tablet - Space Gray (Renewed),$,4.2 out of 5 stars,482 global ratings,
"Apple iPad 9.7in with WiFi, 32GB 2017 Newest Model- Gold (Gold)(Renewed)",$160.00,4.5 out of 5 stars,"1,317 global ratings","Network: WiFi Only (not cellular, no SIM Card slot),Screen size: 9.7"",Storage: 32GB"
"NOVOJOY Tablet 10.1 Inch Android 11 OS, 2 in 1 Tablets, 64GB ROM+4GB RAM, 8MP Camera, Quad Core Processor, 6000mAh Battery, 1280 * 800 FHD, Include Keyboard, Mouse, Case, Stylus, Tempered Film",$,4.5 out of 5 stars,30 global ratings,"【Multi-function Configuration】 2023 Newly launched Android 11 portable tablet has a 2-in-1 working mode and is comes with a keyboard, wireless mouse, stylus and foldable protective case. You can enter text directly using a stylus, or you can type comfortably using the keyboard, two ways, one-touch convenience, easy response to various scenarios, making your work and study get twice the result with half the effort.,【Superior Android 11 Tablet】10 inch Tablet PC is equipped with the latest Android 11.0 system, built-in powerful Quad-core processor, 64GB ROM +4GB RAM, 512GB expansion, support Wi-Fi, Bluetooth, GPS and more, enough memory allows you to store more favorite e-books, movies, music, pictures, videos, games.,【Superior Performance Android 11 Tablet】10 inch Tablet PC is equipped with the latest Android 11.0 system, built-in powerful Quad-core processor, 64GB ROM +4GB RAM, 512GB expansion, support for Wi-Fi, Bluetooth, GPS and more, enough memory allows you to store more favorite e-books, movies, music, pictures, videos, games,【Long Battery Life】 The Android 11 tablets powered by a 6000mAh battery, can stand by 360 hours and continuous use up to 6-8 hours, easily charge via the 5V2A Type-C port. Super power and long battery life, say goodbye to the trouble of insufficient power and give you a full sense of security.,【Coexistence of Beauty and Strength】 Our Android tablet equipped with a protective leather case and screen protective film. With a slim design, wear-resistant and resistant to falling, a delicate feel, unique texture, easy to carry, and more comfortable to hold with one hand. It's a good companion for your leisure and entertainment, as well as the best gift for various festivals and birthdays."
Apple iPad mini 7.9in WiFi 16GB iOS 6 Tablet 1stGEneration - Black & Space Gray (Renewed),$99.00,3.6 out of 5 stars,"2,471 global ratings","Please note this model cannot be updated past iOS 12.5.5 (2021) and may not support certain applications,WiFi Only,16GB"
"Apple iPad (10.2-inch, Wi-Fi, 32GB) - Space Gray (Previous Model)",$,4.8 out of 5 stars,"20,310 global ratings","10.2-inch Retina display,A10 Fusion chip,Touch ID fingerprint sensor,8MP back camera, 1.2MP FaceTime HD front camera,Stereo speakers,802.11ac Wi-Fi,Up to 10 hours of battery life,Lightning connector for charging and accessories,Support for Smart Keyboard and Apple Pencil"
"Apple 2019 iPad (10.2-inch, Wi-Fi, 128GB) - Silver (7th Generation)",$,4.8 out of 5 stars,"4,777 global ratings","10.2-inch Retina display,A10 Fusion chip,Touch ID fingerprint sensor,8MP back camera, 1.2MP FaceTime HD front camera,Stereo speakers,802.11ac Wi-Fi,Up to 10 hours of battery life,Lightning connector for charging and accessories,Support for Smart Keyboard and Apple Pencil"
"2017 Apple iPad Pro (10.5-inch, Wi-Fi + Cellular, 64GB) - Silver (Renewed)",$220.00,4.2 out of 5 stars,83 global ratings,"10.5-inch Retina display, ProMotion technology, Wide color display (P3) wtih True Tone display technology,Four-speaker audio,FaceTime HD camera and iSight camera with flash,Apple Pencil Support,Smart Keyboard support"
"2022 Apple iPad Air (10.9-inch, Wi-Fi, 256GB) - Pink (Renewed)",$600.85,,,"This pre-owned product is not Apple certified, but has been professionally inspected, tested and cleaned by Amazon-qualified suppliers.,There will be no visible cosmetic imperfections when held at an arm’s length. There will be no visible cosmetic imperfections when held at an arm’s length.,This product will have a battery which exceeds 80% capacity relative to new.,Accessories will not be original, but will be compatible and fully functional. Product may come in generic Box.,This product is eligible for a replacement or refund within 90 days of receipt if you are not satisfied."
"Apple iPad Pro 10.5in (2017) 64GB, Wi-Fi - Space Gray (Renewed)",$260.00,4.4 out of 5 stars,161 global ratings,"Apple iOS 11 Operating System; A10X Fusion Chip with 64-bit architecture Embedded M10 Coprocessor,10.5-inch (diagonal) LED-backlit Multi-Touch Retina Display (2224 x 1668 resolution at 264 ppi),12 Megapixel iSight Camera with Quad-LED True Tone Flash and Panorama (up to 63MP)"
"Apple iPad Air (10.9-inch, Wi-Fi + Cellular, 256GB) - Rose Gold (Latest Model, 4th Generation) (Renewed)",$,4.6 out of 5 stars,22 global ratings,"10.9"" LED-backlit Multi-Touch display with IPS technology, 2360x1640, 264ppi, 500nits brightness,256GB, 4GB, Apple A14 Bionic (5 nm), Hexa-core (2x3.0 GHz Firestorm + 4x1.8 GHz Icestorm), Apple GPU (4-core graphics),Rear Camera: 12MP, f/1.8, Front Camera: 7MP, f/2.0, iPadOS 14.1, up to iPadOS 15.5, planned upgrade to iPadOS 16, Bluetooth 5.0,2G: GSM 850/900/1800/1900, 3G: HSDPA 800/850/900/1700(AWS)/1900/2100, 4G LTE: 1/2/3/4/5/7/8/11/12/13/14/17/18/19/20/21/25/26/29/30/34/38/39/40/41/66/71,Unlocked for freedom to choose your carrier. Compatible with Most GSM + CDMA Carriers like T-Mobile, AT&T, MetroPCS, etc. Will Also work with CDMA Carriers Such as Verizon, Sprint."
Apple iPad Air 2 a1567 16GB Space Gray Tablet WiFi + 4G Unlocked GSM/CDMA (Renewed),$144.95,3.9 out of 5 stars,22 global ratings,"Renewed products look and work like new. These pre-owned products have been inspected and tested by Amazon-qualified suppliers, which typically perform a full diagnostic test, replacement of any defective parts, and a thorough cleaning process. Packaging and accessories may be generic. All products on Amazon Renewed come with a minimum 90-day supplier-backed warranty.,Powered by Apple A8x processor,8-megapixel primary camera on the rear and a 1.2-megapixel front shooter for selfies.,16GB of internal storage (expandable with iCloud),9.7-inch touchscreen display with a resolution of 2048 pixels by 1536 pixels at a PPI of 264 pixels per inch."
Apple iPad Air 3-256GB - WiFi - Silver (Renewed Premium),$289.99,3.0 out of 5 stars,2 global ratings,Smart Connector. 3.5 mm headphone jack. Stereo speakers. On/Off - Sleep/Wake. Home/Touch ID sensor. Dual microphones. Volume up/down. Nano-SIM tray (cellular models). Lightning connector
"Apple MGKL2LL/A iPad Air 2 64GB, Wi-Fi, (Space Gray) (Renewed)",$155.00,4.4 out of 5 stars,"1,709 global ratings","Renewed products look and work like new. These pre-owned products have been inspected and tested by Amazon-qualified suppliers, which typically perform a full diagnostic test, replacement of any defective parts, and a thorough cleaning process. Packaging and accessories may be generic. All products on Amazon Renewed come with a minimum 90-day supplier-backed warranty."
"Apple iPad (10.2-inch, Wi-Fi, 128GB) - Space Gray (Previous Model)﻿",$,4.8 out of 5 stars,"13,899 global ratings","10.2-inch Retina display,A10 Fusion chip,Touch ID fingerprint sensor,8MP back camera, 1.2MP FaceTime HD front camera,Stereo speakers,802.11ac Wi-Fi,Up to 10 hours of battery life,Lightning connector for charging and accessories,Support for Smart Keyboard and Apple Pencil"
"2021 Apple iPad 9th Gen (10.2 inch, Wi-Fi + Cellular, 64GB) Space Gray (Renewed)",$307.97,4.7 out of 5 stars,935 global ratings,"Gorgeous 10.2-inch Retina display with True Tone - A13 Bionic chip with Neural Engine,8MP Wide back camera, 12MP Ultra Wide front camera with Center Stage,Up to 256GB storage - Fast 802.11ac Wi-Fi - Up to 10 hours of battery life,Touch ID for secure authentication and Apple Pay - Stereo speakers,Lightning connector for charging and more accessories"
"2018 Apple iPad (9.7-inch, Wi-Fi, 32GB) - Gold (Renewed)",$175.00,4.5 out of 5 stars,"1,051 global ratings","This Certified Refurbished product is tested and certified by the manufacturer or by a third-party refurbisher to look and work like new,with limited to no signs of wear.The refurbishing process includes functionality testing,inspection,reconditioning and repackaging.The product ships with all relevant accessories,a minimum 90-day warranty,and may arrive in a generic white or brown box.Only select sellers who maintain a high performance bar may offer Certified Refurbished products on Amazon.,Intel Core I7-3520M up to 3.6 GHz, DVD, 8 GB RAM, 240 GB SSD,Windows 10 Professional 64 Bit, Multi-Language Support English/Spanish,Network connector (RJ-45), USB 2.0 (2) - 1 USB/eSATA combo; USB 3.0 (2), Stereo headphone/Microphone combo jack, Memory card reader, 54mm ExpressCard, Docking connector, VGA, HDMI, 1 Full and 2 Half Mini Card Slots"
"Apple iPad Pro (128GB, Wi-Fi, Silver) 12.9in Tablet (Renewed)",$,4.3 out of 5 stars,"1,545 global ratings","8MP iSight Camera + Front-Facing 1.2MP HD Camera,Compatible with Apple Keyboard, and Apple pencil (both not included).,M9 coprocessor, A9X Chip, Faster than a speeding laptop.; The 64-bit A9X chip gives iPad Pro the power to easily take on tasks once reserved for workstations and PCs. With up to 1.8 times the CPU performance of iPad Air 2, the A9X chip delivers incredible responsiveness.,12.9-inch (2732 2048) screen resolution; An epic screen that turns advanced tasks into brilliant, immersive experiences."
"Apple iPad Pro Tablet (128GB, Wi-Fi, 9.7in) Rose (Renewed)",$,4.3 out of 5 stars,679 global ratings,"18 Megapixel Camera (3264 x 2448 pixels) w/ Autofocus + Front-facing 1.2 Megapixel Camera w/ face detection, HDR, FaceTime over Wi-Fi,9.7 inch LED-backlit IPS LCD Multi-Touchscreen Scratch-resistant glass w, oleophobic coating; iOS 9 (upgradable); Internal Memory: 128GB, 2GB RAM"
"Apple iPad 9.7 with WiFi, 128GB- Space Gray (2017 Model) - (Renewed)",$208.99,4.5 out of 5 stars,"2,385 global ratings","Renewed products look and work like new. These pre-owned products have been inspected and tested by Amazon-qualified suppliers, which typically perform a full diagnostic test, replacement of any defective parts, and a thorough cleaning process. Packaging and accessories may be generic. All products on Amazon Renewed come with a minimum 90-day supplier-backed warranty.,9.7-inch Retina display, wide color and true tone,A9 third-generation chip with 64-bit architecture,M9 motion coprocessor. 1.2MP FaceTime HD camera,8MP iSight camera. Touch ID. Apple Pay"
"2021 Apple 12.9-inch iPad Pro (Wi‑Fi, 256GB) - Space Gray (Renewed)",$,4.4 out of 5 stars,784 global ratings,"Apple M1 chip for next-level performance - Go further with all-day battery life,Brilliant 12.9-inch Liquid Retina XDR display with ProMotion, True Tone, and P3 wide color,TrueDepth camera system featuring Ultra Wide front camera with Center Stage,12MP Wide camera, 10MP Ultra Wide camera, and LiDAR Scanner for immersive AR,Stay connected with ultrafast Wi-Fi - Face ID for secure authentication and Apple Pay"
Apple iPad Pro 10.5in -64GB Wifi - 2017 Model - Gray (Renewed),$244.00,4.6 out of 5 stars,"1,242 global ratings","Apple iOS 10, A10X Fusion chip with 64-bit architecture Embedded M10 coprocessor,10.5 inch Retina Display, 2224 x 1668 Resolution, Wide Color and True Tone Display,23 MP iSight Camera, True Tone Flash, Panorama (up to 63MP), Four-Speaker Audio"
"Apple iPad 9.7 with WiFi, 128GB- Silver (2017 Model) - (Renewed)",$209.00,4.6 out of 5 stars,366 global ratings,"Renewed products look and work like new. These pre-owned products have been inspected and tested by Amazon-qualified suppliers, which typically perform a full diagnostic test, replacement of any defective parts, and a thorough cleaning process. Packaging and accessories may be generic. All products on Amazon Renewed come with a minimum 90-day supplier-backed warranty."
"Apple iPad Air 2 9.7-Inch, 32GB Tablet (Gold) (Renewed)",$,4.5 out of 5 stars,367 global ratings,"Apple iOS; 9.7-Inch Retina Display; 2048x1536 Resolution,A8X Chip with 64-bit Architecture; M8 Motion Coprocessor,Wi-Fi (802.11a, b, g, n, ac): 32 GB Capacity: 2GB RAM,8 MP iSight Camera; FaceTime HD Camera - Up to 10 Hours of Battery Life"
"Apple iPad Air 2 64GB, Wi-Fi and Cellular (Unlocked), 9.7inch Space Gray (Renewed)",$189.00,4.4 out of 5 stars,61 global ratings,"This Certified Refurbished product is tested and certified to look and work like new. The refurbishing process includes functionality testing, basic cleaning, inspection, and repackaging. The product ships with all relevant accessories, a minimum 90-day warranty, and may arrive in a generic box. Only select sellers who maintain a high performance bar may offer Certified Refurbished products on Amazon.com,Brand: Apple,Type: Tablet,Model: Apple iPad Air 2"
"Apple iPad Air 2 ( Space Gray , 32GB , WiFi + 4G ) Factory Unlocked (Renewed)",$159.99,4.3 out of 5 stars,149 global ratings,"Renewed products look and work like new. These pre-owned products have been inspected and tested by Amazon-qualified suppliers, which typically perform a full diagnostic test, replacement of any defective parts, and a thorough cleaning process. Packaging and accessories may be generic. All products on Amazon Renewed come with a minimum 90-day supplier-backed warranty.,9.7"" IPS LCD Multi-Touch Retina Display,2048 x 1536 Native Resolution,Tri-Core Apple A8X CPU with M8 Chip,0.98 lb and 0.24"" Thick"
"Samsung Galaxy Tab A7 Lite 8.7"" (2021, WiFi + Cellular) 32GB 4G LTE Tablet & Phone (Makes Calls) GSM Unlocked, International Model w/US Charging Cube - SM-T225 (Grey, LTE+WiFi) (Renewed)",$124.99,4.3 out of 5 stars,32 global ratings,"International Model, Does not have US Warranty. This tablet is unlocked to work with most GSM carriers. Will NOT work with CDMA Carriers Such as Verizon, Sprint, Boost."
"Early 2022 Apple iPad Air 5th Gen (10.9 inch, Wi-Fi, 64GB) Space Gray (Renewed)",$499.95,4.5 out of 5 stars,229 global ratings,"Stunning 10.9-Inch Liquid Retina Display with True Tone and P3 Wide Color,Apple M1 Chip with Neural Engine - 802.11AX Wi-Fi 6 - Stereo Landscape Audio,12MP Wide Camera, 12MP Ultra Wide Front Camera - Up to 10 Hours of Battery Life,Touch ID for Secure Authentication - USB-C Connector for Charging and Accessories,Support for Magic Keyboard, Smart Keyboard Folio, and Apple Pencil (2nd Generation)"
"Apple iPad Mini 4, 128GB, Gold - WiFi (Renewed)",$228.00,4.4 out of 5 stars,"1,174 global ratings","This Certified Refurbished product is tested and certified to look and work like new, with limited to no wear. The refurbishing process includes functionality testing, inspection, and repackaging. The product is backed by a minimum 90-day warranty, and may arrive in a generic box. The product ships with a charger and cable, but does not include headphone, manual or SIM card. Only select sellers who maintain a high performance bar may offer Certified Refurbished products on Amazon.,7.9"" Retina Display, 2048 x 1536 Resolution,Apple iOS 9, Dual-Core A8 Chip with Quad-Core Graphics,8 MP iSight Camera, 1080p HD Video Recording,128GB Capacity, Wi-Fi (802.11a/ b/ g/ n/ ac) + MIMO + Bluetooth 4.2; Up to 10 Hours of Battery Life, 0.65 lbs"
"Apple iPad Mini (6th Generation): with A15 Bionic chip, 8.3-inch Liquid Retina Display, 64GB, Wi-Fi 6, 12MP front/12MP Back Camera, Touch ID, All-Day Battery Life – Space Gray",,4.8 out of 5 stars,"7,149 global ratings","WHY IPAD MINI — The full iPad experience designed to fit in one hand. With an 8.3-inch Liquid Retina display, powerful A15 Bionic chip, 12MP Ultra Wide front camera with Center Stage, USB-C connectivity, and ultrafast Wi-Fi. Take notes, mark up documents, and edit photos and videos.,IPADOS + APPS — iPadOS makes iPad more productive, intuitive, and versatile. With iPadOS, run multiple apps at once, use Apple Pencil to write in any text field with Scribble, and edit and share photos. iPad mini comes with essential apps like Safari, Messages, and Keynote, with over a million more apps available on the App Store.,FAST WI-FI CONNECTIVITY — Fast Wi-Fi keeps you connected at home, work, school, or wherever you go with your iPad.,PERFORMANCE AND STORAGE — The A15 Bionic chip delivers powerful performance and blazing-fast graphics. And with all-day battery life, iPad mini is always ready for any task or project. Choose from 64GB or 256GB storage options depending on the room you need for apps, music, movies, and more.,APPLE PENCIL AND SMART FOLIO — With Apple Pencil (2nd generation), iPad mini transforms into the world’s best note‑taking device. To protect your iPad mini and easily prop it up, you can use the slim Smart Folio covers, available in five colors.,8.3-INCH LIQUID RETINA DISPLAY — The gorgeous Liquid Retina display features advanced technologies like True Tone, P3 wide color, and ultralow reflectivity, which make everything look stunning.,UNLOCK AND PAY WITH TOUCH ID — Touch ID is built into the top button, so you can use your fingerprint to unlock your iPad, sign in to apps, and make payments securely with Apple Pay.,ADVANCED CAMERAS — iPad mini features a 12MP Ultra Wide front camera that supports Center Stage for videoconferencing and selfies. The 12MP Wide back camera with True Tone flash is perfect for capturing photos and 4K videos.,LEGAL DISCLAIMERS — This is a summary of the main product features."
"2018 Apple iPad (9.7-inch, Wi-Fi, 128GB) - Silver (Renewed)",$219.00,4.5 out of 5 stars,636 global ratings,"9.7"" Multi-Touch Retina Display 2048 x 1536 Screen Resolution (264 ppi),Apple A10 Fusion SoC and M10 Coprocessor 4G LTE | 802.11ac Wi-Fi | Bluetooth 4.9,Front 1.2MP FaceTime HD Camera Rear 8MP Camera,Apple Pencil Support Night Shift | Touch ID Sensor"
"2019 Apple iPad 7th Gen (10.2 inch, Wi-Fi + Cellular, 128GB) Gold (Renewed)",$279.00,4.0 out of 5 stars,60 global ratings,"10. 2-inch Retina display.,A10 Fusion chip.,Touch ID fingerprint sensor,,8MP back camera, 1. 2MP FaceTime HD front camera.,Stereo speakers.,802. 11ac Wi-Fi and Gigabit-class LTE cellular data.,Up to 10 hours of battery life.,Lightning connector for charging and accessories.,Support for Smart Keyboard and Apple Pencil."
"Apple iPad Pro 10.5in (2017) 64GB, Wi-Fi - Silver (Renewed)",$,4.4 out of 5 stars,248 global ratings,"Apple iOS 11 Operating System; A10X Fusion Chip with 64-bit architecture Embedded M10 Coprocessor,10.5-inch (diagonal) LED-backlit Multi-Touch Retina Display (2224 x 1668 resolution at 264 ppi),12 Megapixel iSight Camera with Quad-LED True Tone Flash and Panorama (up to 63MP),Wi-Fi and Bluetooth 4.2 Technology, FaceTime HD Camera, and Four-Speaker Audio"
10.9-inch iPad Air Wi-Fi 64GB - Purple with AppleCare+ (2 Years),$578.99,4.9 out of 5 stars,119 global ratings,"10.9-inch Liquid Retina display with True Tone, P3 wide color, and an antireflective coating,Apple M1 chip with Neural Engine,AppleCare+ for iPad extends your repair coverage and technical support to two years from your AppleCare+ purchase date,It adds up to two incidents of accidental damage protection every 12 months, each subject to a service fee of $49 for your iPad and $29 for Apple Pencil or Apple- branded iPad keyboard, plus applicable tax"
"Samsung Tab A7 Lite 8.7"" Gray 32GB (SM-T220NZAAXAR) (Renewed)",$97.99,4.3 out of 5 stars,269 global ratings,"8.7"", 800 x 1340, 5:3 ratio, WXGA+, TFT, Android 11, One UI 3.1, Face Recognition, 5100mAh Battery,32GB ROM, 3GB RAM, Mediatek MT8768T Helio P22T (12 nm), Octa-core, PowerVR GE8320,Rear Camera: 8MP, Front Camera: 2MP, 5,100mAh, Bluetooth v5.0, Wi-Fi: 802.11 a/b/g/n/ac 2.4G + 5GHz,No SIM Card Slot / Network - Wi-Fi Only.,US Model w/ Warranty."
"Apple iPad with WiFi, 128GB, Gold (2018 Model) (Renewed)",$232.00,4.5 out of 5 stars,"1,060 global ratings","9.7"" Multi-Touch Retina Display 2048 x 1536 Screen Resolution (264 ppi),Apple A10 Fusion SoC and M10 Coprocessor 4G LTE | 802.11ac Wi-Fi | Bluetooth 4.8,Front 1.2MP FaceTime HD Camera Rear 8MP Camera,Apple Pencil Support Night Shift | Touch ID Sensor"
okaysea Tablet 10.1 Inch Quad-Core 32GB Android 10 IPS HD Display 6000mAh Tablets,$,4.1 out of 5 stars,"1,913 global ratings","✅[High-performance Tablet PC] Android 10.0 Tablet, rid of unexpected ads and have Full access to Google Play; 2GB RAM and Quad-Core Processor speed up multitasking.,✅[Free From Memory Anxiety] Okaysea Tablet loaded with 2GB RAM & 32GB ROM exanadable storage (up to 128GB).,✅[Long Battery Life] 10-Inch Tablet With a 6000mAh Ultra-large battery, allows to enjoy up to 8 hours It is a really good companion for your leisure and entertainment.,✅[10 INCHES IPS Display] Android Tablets Use a 1280*800 HD IPS display can present clearer picture effects and richer colors. With dual camera, 128GB expandable, WiFi support.,✅[After-sales service] Offer a 1-year return and exchange service. comes with a USB Type-C cable, A Charging brick. To ensure the quality of our service, please contact us if you have any questions about this tablet."
"Apple iPad Air 2 ( Space Gray , 32GB , WiFi + 4G ) Factory Unlocked (Renewed)",$159.99,4.3 out of 5 stars,149 global ratings,"Renewed products look and work like new. These pre-owned products have been inspected and tested by Amazon-qualified suppliers, which typically perform a full diagnostic test, replacement of any defective parts, and a thorough cleaning process. Packaging and accessories may be generic. All products on Amazon Renewed come with a minimum 90-day supplier-backed warranty.,9.7"" IPS LCD Multi-Touch Retina Display,2048 x 1536 Native Resolution,Tri-Core Apple A8X CPU with M8 Chip,0.98 lb and 0.24"" Thick"
"2021 Apple iPad Mini 6 (8.3 inch, Wi-Fi, 64GB) Space Gray (Renewed)",$419.00,4.5 out of 5 stars,529 global ratings,"Gorgeous 8.3-inch Liquid Retina display with True Tone - A15 Bionic chip with Neural Engine,12MP Wide back camera, 12MP Ultra Wide front camera with Center Stage,Stay connected with ultrafast Wi-Fi 6 - Up to 256GB storage - Comes in 4 colors,Up to 10 hours of battery life - Touch ID for secure authentication and Apple Pay,USB-C connector for charging and accessories - Supports Apple Pencil (2nd generation)"
"Apple 2020 iPad (10.2-inch, Wi-Fi, 32GB) - Space Gray (8th Generation)",$,4.9 out of 5 stars,"63,972 global ratings","Gorgeous 10.2-inch Retina display,A12 Bionic chip with Neural Engine,Support for Apple Pencil (1st generation) and Smart Keyboard,8MP back camera, 1.2MP FaceTime HD front camera,Stereo speakers,802.11ac Wi-Fi and Gigabit-class LTE cellular data,Up to 10 hours of battery life,Lightning connector for charging and accessories,Touch ID for secure authentication and Apple Pay,iPadOS 14 brings new capabilities designed specifically for iPad"
"Apple iPad 9.7' with WiFi, 32GB, Space Gray - MP2F2LL/A (Renewed)",$154.00,4.4 out of 5 stars,437 global ratings,
"Apple 2021 10.2-inch iPad (Wi-Fi, 64GB) - Space Gray with AppleCare+ (Renews Monthly Until Cancelled)",$273.48,5.0 out of 5 stars,1 global rating,"Gorgeous 10.2-inch Retina display with True Tone,A13 Bionic chip with Neural Engine,AppleCare+ for iPad extends your repair coverage and technical support to two years from your AppleCare+ purchase date,It adds coverage for up to two incidents of accidental damage from handling, each subject to a service fee of $49 for iPad and $29 for Apple Pencil, plus applicable tax"
"Apple iPad Pro 2nd 12.9in with Wi-Fi 2017 Model, 256GB, Grey (Renewed)",$597.99,4.4 out of 5 stars,"1,781 global ratings","12.9-Inch Retina Display, 2732 x 2048 Resolution (264 ppi), 120Hz Refresh Rate, True Tone Display,256GB Flash Storage, 4GB RAM, 2.39GHz A10X Processor + M10 Coprocessor,802.11ac Wi-Fi, Rear 12MP iSight Camera; Front 7MP FaceTime HD Camera,Up to 10 Hours of Battery Life (9 Hours with Cellular), Apple iOS 10, USB-C fast-charge Support (optional; not included in box)"
"Apple iPad Air (10.5-Inch, Wi-Fi + Cellular, 64GB) - Space Gray (3rd Generation) (2019) (Renewed)",$249.77,4.0 out of 5 stars,106 global ratings,"10.5-inch Retina Display with True Tone and wide Color,A12 Bionic chip,Touch ID Fingerprint Sensor and Apple Pay,8MP back camera, 7MP FaceTime HD Front camera,Stereo speakers,802.11ac Wi-Fi and Gigabit-class LTE cellular data,Up to 10 hours of battery life,Lightning Connector for charging and accessories,iOS 12 with group FaceTime  shared augmented reality experiences, screen time, and more"
"2019 Apple iPad 7th Gen (10.2 inch, Wi-Fi + Cellular, 128GB) Gold (Renewed)",$279.00,4.0 out of 5 stars,60 global ratings,"10. 2-inch Retina display.,A10 Fusion chip.,Touch ID fingerprint sensor,,8MP back camera, 1. 2MP FaceTime HD front camera.,Stereo speakers.,802. 11ac Wi-Fi and Gigabit-class LTE cellular data.,Up to 10 hours of battery life.,Lightning connector for charging and accessories.,Support for Smart Keyboard and Apple Pencil."
"Apple 2021 10.2-inch iPad (Wi-Fi, 64GB) - Space Gray with AppleCare+ (2 Years)",$338.99,4.9 out of 5 stars,529 global ratings,"Gorgeous 10.2-inch Retina display with True Tone,A13 Bionic chip with Neural Engine,8MP Wide back camera, 12MP Ultra Wide front camera with Center Stage,AppleCare+ for iPad extends your repair coverage and technical support to two years from your AppleCare+ purchase date,It adds coverage for up to two incidents of accidental damage from handling, each subject to a service fee of $49 for iPad and $29 for Apple Pencil, plus applicable tax,Get 24/7 priority access to Apple experts by chat or phone"
"2020Apple iPad Pro (11-inch, Wi-Fi, 128GB) - Space Gray (Renewed)",$,4.5 out of 5 stars,478 global ratings,"The 11"" touch screen LED-backlit display and 2388 x 1668 resolution will have playing all day!,The 11"" touch screen LED-backlit display and 2388 x 1668 resolution will have playing all day!,Lighten your load with this light weight tablet and entertain your down time with its long lasting battery."
"Apple iPad (5thGEneration) Wi-Fi, 128GB - Space Gray (Renewed)",$201.00,4.6 out of 5 stars,"2,862 global ratings","IOS 11 Operating System; A9 Chip with 64-bit architecture and embedded M9 coprocessor,9.7-inch (diagonal) LED-backlit Multi-Touch Retina Display with IPS Technology (2048 x 1536 Resolution at 264 ppi) with Fingerprint-Resistant Oleophobic Coating,8 Megapixel Camera with Autofocus, Backside Illumination and Panorama (up to 43MP),Wi-Fi and Bluetooth 4.2 Technology, FaceTime HD Camera, and Four-Speaker Audio"
"Tablet 10.1 inch Android 11 Tablet 2023 Latest Update Octa-Core Processor with 64GB Storage, Dual 13MP+5MP Camera, WiFi, Bluetooth, GPS, 128GB Expand Support, IPS Full HD Display (Black)",$,4.3 out of 5 stars,"2,575 global ratings","【SUPERIOR WATCHING EXPERIENCE】FEONAL Tablet is powered by Octa-Core Processor. 2023 newest Android 11 tablet provides + 40% faster processing speed than regular Quad-Core. 10.1-inch Tablet screen size with 1920x1200 resolution support, perfect for home entertainment and office.,【BIGGER THAN BIGGER】The tablet has 4GB RAM, 64GB internal storage and expandable storage up to 128 GB. The GMS Certified latest Android Tablet, with basic Google apps already on and without bloatware. Get rid of unexpected ads and download apps from Google Play, such as SKYGO, NetFlix, YouTube and more.,【LONG LASTING BATTERY】Equipped with a long-lasting and environmentally compliant 6000 mAh battery, this 10-inch tablet will effortlessly provide you with up to 8 hours of support for reading, browsing, watching movies and playing games. The long-lasting battery life and lightweight design allow you to enjoy your tablet anywhere, anytime.,【DUAL CAMERAS AND SPEAKERS】With front 5 MP & Rear 13 MP dual cameras, which would bring your excellent photos and clear video chats. Dual speakers are designed to provide high-quality and powerful sound for your favorite music, games and videos.,【IDEAL CHOICE FOR GIFT】FEONAL 10'' Android Tablet is definitely the best choice for Christmas or Valentine's Day. We provide professional tablet for 5 years with considerate service, please feel free to contact our customer service if you have any problems."
"Apple iPad Pro 10.5in with ( Wi-Fi + Cellular ) - 64GB, Rose Gold (Renewed)",$,4.3 out of 5 stars,129 global ratings,"Renewed products look and work like new. These pre-owned products have been inspected and tested by Amazon-qualified suppliers, which typically perform a full diagnostic test, replacement of any defective parts, and a thorough cleaning process. Packaging and accessories may be generic. All products on Amazon Renewed come with a minimum 90-day supplier-backed warranty.,10.5 inch Retina Display, 2224 x 1668 Resolution, Wide Color and True Tone Display,Apple iOS 10, A10X Fusion chip with 64-bit architecture Embedded M10 coprocessor,4G LTE UNLOCKED, 802.11ac Wi-Fi, Rear 12MP iSight Camera; Front 7MP FaceTime HD Camera,Up to 10 Hours of Battery Life"
"2022 Apple iPad Pro (12.9-inch, Wi-Fi, 256GB) - Space Gray (Renewed)",$949.00,4.6 out of 5 stars,13 global ratings,"Brilliant 12.9-inch Liquid Retina XDR display with ProMotion, True Tone, and P3 wide color - Go far with all-day battery life,Apple M2 chip with 8-core CPU and 10-core GPU - Stay connected with ultrafast Wi-Fi 6E and 5G cellular models available,12MP Ultra Wide front camera with Center Stage, 10MP Ultra Wide back camera, and LiDAR Scanner for immersive AR,iPadOS 16 makes your new iPad even more capable with powerful newly created productivity and collaboration features,USB-C connector supports Thunderbolt/USB 4 - Works with Apple Pencil (2nd gen) & Magic Keyboard/Smart Keyboard Folio"
"2023 Newest Tablet with Keyboard, 10 inch 2 in 1 Tablets, Android 11 OS Quad-Core Processor, 64GB ROM+4GB RAM+1TB Expend Tablet PC, Case/Mouse/Stylus/8MP Camera/6000mAh Battery/1280x800 HD Display",$,3.9 out of 5 stars,132 global ratings,"【2023 Newest Tablet with keyboard】 The portable tablet has a 2-in-1 working mode, you can use the bluetooth function to connect the keyboard, mouse, come with a foldable protective case stylus, and film, you can flexibly turn the tablet into a laptop mode or computer mode for different use, edit your papers, emails, ppts comfortably.,【Upgraded to 64GB ROM Storage】The latest Android 11 system, 1.8Ghz Quad-core processor, 4GB RAM+64GB ROM (1TB Expandable), ensure the android tablet pc running faster, stable, enough memory allows you to store more favorite e-books, movies, music, pictures, videos, games.,【High Definition Dual Cameras】IWEGGO 10 inch tablet computer has ultra-thin metal body, 1280x800 FHD IPS screen, presenting a vivid, colorful and dazzling visual experience. The cheap android 11 tablet with rear 8mp autofocus camera + front 5mp wide-angle lens for easy shooting of high-definition photos and videos.,【Fast connection 2.4G/5G/WiFi 6 Tablet】 Ultra-fast 2.4Ghz / 5Ghz Wi-Fi 6 and Bluetooth 5.0 technology provide more convenience. This version has passed GMS certification, you can download thousands of apps, such as YouTube, Netflix, large-scale games, Google maps, office software, etc.,【Large battery with low power consumption】 The android 11 tablets pc 6000mAh lithium polymer battery and low power CPU, it can be easily used at home or on the go. Enjoy watching TV, surfing the Internet, listening to music, shopping and other functions. It is a good companion for your entertainment and the best gift for all kinds of festivals and birthdays."
"SAMSUNG Galaxy Tab S6 Lite 10.4"" 64GB Android Tablet, S Pen Included, Slim Metal Design, AKG Dual Speakers, Long Lasting Battery, US Version, 2020, Oxford Gray",$,4.7 out of 5 stars,"2,325 global ratings","S PEN INCLUDED: Unleash your creativity and never miss a note with S Pen; Use for drawing, jot notes, edit photos, and convert your handwritten notes to text; Plus, S Pen attaches magnetically right to your tablet so it’s always ready to go,ENTERTAINMENT READY: The shows and games you love look epic with Galaxy Tab S6 Lite; Never miss a second of gaming action with our latest processor and see every detail with a crystal-clear screen; Dolby Atmos surround sound draws you into the experience,LONG LASTING BATTERY: Go ahead: crush your favorite shows for hours, then head to work for a full day of meetings; This battery will keep up – going up to 13 hours* on a single charge,SLIM METAL DESIGN: The slim and lightweight build slips right into your bag, making it easy to take everywhere; Make the sleek, stylish frame all your own and choose from distinctive, expressive colors to show the world your personality and style,MULTI DEVICE CONNECTIVITY: Own your work and play with Galaxy connectivity; Get more done on an expanded workstation that lets you hand off content between your devices and open multiple windows on your tablet,DeX EXPERIENCE: Get more done each day by turning your Galaxy devices into an expanded desktop workstation; Send multiple windows to the devices of your choice and control them all from your Galaxy Tab S6 Lite like a boss**,CONNECT & CAPTURE: Interact with the world through the Galaxy Tab S6 Lite; The 8MP rear camera is equipped with autofocus—ideal for recording, capturing and sharing everything; Video chat with friends and family on the 5MP front-facing camera,TAKE THE VIEW WITH YOU: With the Samsung Smart View app, you can send content from your tablet to a nearby Samsung TV*** to enjoy on the big screen; If you step away from the TV, take the action with you and continue watching from your tablet,ROOM FOR EVERYTHING: Store all of your content with built-in 64GB / 128GB internal memory. Expand your storage space anytime up to 1TB with a microSD card****,YOUR WORLD AT A GLANCE: Your tablet screen works for you, even when it’s charging; Choose between different board functions to show your weekly calendar or the weather on your lock screen"
Apple iPad Air 2 16GB Gold Wi-Fi MH0W2HC/A (Refurbished),$133.00,1.0 out of 5 stars,1 global rating,"This Certified Refurbished product is tested and certified to look and work like new. The refurbishing process includes functionality testing, basic cleaning, inspection, and repackaging. The product ships with all relevant accessories, a minimum 90-day warranty, and may arrive in a generic box."
"Apple iPad 9.7in 6th Generation WiFi + Cellular (32GB, Silver) (Renewed)",$192.98,4.5 out of 5 stars,176 global ratings,"9.7"" Multi-Touch Retina Display 2048 x 1536 Screen Resolution (264 ppi),Apple A10 Fusion SoC and M10 Coprocessor 4G LTE | 802.11ac Wi-Fi | Bluetooth 4.6,Front 1.2MP FaceTime HD Camera Rear 8MP Camera,Apple Pencil Support Night Shift | Touch ID Sensor"
"Apple iPad Mini 4, 128GB, Space Gray - WiFi (Renewed)",$219.00,4.4 out of 5 stars,"2,217 global ratings","Renewed products look and work like new. These pre-owned products have been inspected and tested by Amazon-qualified suppliers, which typically perform a full diagnostic test, replacement of any defective parts, and a thorough cleaning process. Packaging and accessories may be generic. All products on Amazon Renewed come with a minimum 90-day supplier-backed warranty.,7.9"" Retina Display, 2048 x 1536 Resolution,Apple iOS 9, Dual-Core A8 Chip with Quad-Core Graphics,8 MP iSight Camera, 1080p HD Video Recording"
Apple iPad Air 2 16GB Gold Wi-Fi MH0W2HC/A (Refurbished),$133.00,1.0 out of 5 stars,1 global rating,"This Certified Refurbished product is tested and certified to look and work like new. The refurbishing process includes functionality testing, basic cleaning, inspection, and repackaging. The product ships with all relevant accessories, a minimum 90-day warranty, and may arrive in a generic box."
"Apple iPad 9.7in with WiFi, 32GB 2017 Newest Model- Gold (Gold)(Renewed)",$160.00,4.5 out of 5 stars,"1,317 global ratings","Network: WiFi Only (not cellular, no SIM Card slot),Screen size: 9.7"",Storage: 32GB"
"Amazon Fire HD 8 tablet, 8” HD Display, 32 GB, 30% faster processor, designed for portable entertainment, (2022 release), Black",$,4.5 out of 5 stars,"5,940 global ratings","Enhanced performance - Updated hexa-core processor for more responsive performance (up to 30% faster than previous gen Fire HD 8).,All day battery life - Up to 13 hours of reading, browsing the web, watching videos, and listening to music at home and on-the-go.,Stream or download your favorite shows and movies from Prime Video, Netflix, Disney+, and HBO. Enjoy your favorite content from Facebook, Hulu, Instagram, TikTok, and more through Amazon’s Appstore (Google Play not supported. Subscription for some apps required).,Fire HD 8 offers 8"" HD display and 2 GB RAM. Choose from 32GB or 64GB (up to 1TB of expandable storage via microSD card). New design is thinner and lighter than previous gen. Screen made with strengthened aluminosilicate glass. As measured in tumble tests, Fire HD 8 is twice as durable as Apple iPad mini (2021).,Stay connected with family and friends - ask Alexa to make video calls to friends and family or download apps like Zoom.,Do more with Alexa - Ask Alexa to listen to music, get news and weather, update shopping lists, and set reminders. Control your smart home, or ask Alexa to make video calls to friends and family with apps like Zoom.,Amazon Kids offers easy-to-use parental controls on Fire tablets. Subscribe to Amazon Kids+ for access to thousands of books, popular apps and games, videos, songs, Audible books, and more."
"PRITOM TAB 10 Tablet 10 inch Android 12 Tabletas 32GB, Quad-Core 1.6Ghz Processor, 6000mAh, 1280 * 800 HD IPS Display WiFi 6, Dual Camera, Bluetooth, Tablet PC(Gray)",$,3.9 out of 5 stars,14 global ratings,"★[1.6GHz ANDROID 12 TABLET ] - PRITOM TAB 10 Tablet comes with the latest Android 12 OS, 32 GB large storage. And this andrid tablets features a stable Quad-Core A133 processor(up to 1.6GHz), to improving page loading, apps launching, and videos opening. And Tab 10 tablet with 32GB makes it easier to stock files, songs, pictures and videos. Great value tablet with low-cost meet your daily use. You can add a TF card if you think 32GB tablet isn't enough ( 512 GB expandble, NOT included).,★[Long-lasting Entertainment] - TAB 10 Tablet built-in 6000mAh battery, allows you to read and watch movies, browse the internet and play games for mixing use up to 10 hours. This android tablet is Google Certified, you can download thousands of apps in the Google Play Store, such as Netflix, Youtube, Skype, TikTok, etc. It is a really good companion for you to watch the Live Stream, movies or read the novels or for studying and working.,★[HD IPS Display with Eye health Mode] - PRITOM TAB 10 tablet adopts a 1280 x 800 HD IPS display. You can enjoy brilliant colors, crisp text, and vivid video viewing when you watch videos or reading on this tablet. Value tablet features sharper image levels and richer colors, and delivers stunning visual experience performance. With an eye health mode, it is an optimized backlighting for a comfortable reading experience. PRITOM tablets has a few more surprises waiting for you to explore.,★[Tablet for Kids & You] - This tablet is in a fashion shape, it is lightweight and easy to carry and use in kitchen countertop, desktop and outside. This tablet has excellent performance, stylish appearance, It is a good choice as a gift for children for Christmas or birthday.,★[12 MONTHS WARRANTY] - PRITOM tablets comes with 12-month quality warranty. PRITOM team provides reliable customer service. Please do not hesitate to get in touch with us in your free time if you have any problem, we will give you on-time tech support and resolve your issue ASAP."
"Apple 2021 10.2-inch iPad (Wi-Fi, 64GB) - Space Gray with AppleCare+ (2 Years)",$338.99,4.9 out of 5 stars,529 global ratings,"Gorgeous 10.2-inch Retina display with True Tone,A13 Bionic chip with Neural Engine,8MP Wide back camera, 12MP Ultra Wide front camera with Center Stage,AppleCare+ for iPad extends your repair coverage and technical support to two years from your AppleCare+ purchase date,It adds coverage for up to two incidents of accidental damage from handling, each subject to a service fee of $49 for iPad and $29 for Apple Pencil, plus applicable tax,Get 24/7 priority access to Apple experts by chat or phone"
Apple IPad Air 2 WI-FI 64GB Space Gray (Renewed),$169.99,4.5 out of 5 stars,"2,555 global ratings","Retina display,A8X chip with 64-bit architecture and M8 motion coprocessor,Fingerprint identity sensor"
"Apple iPad (5thGEneration) Wi-Fi, 128GB - Space Gray (Renewed)",$201.00,4.6 out of 5 stars,"2,862 global ratings","IOS 11 Operating System; A9 Chip with 64-bit architecture and embedded M9 coprocessor,9.7-inch (diagonal) LED-backlit Multi-Touch Retina Display with IPS Technology (2048 x 1536 Resolution at 264 ppi) with Fingerprint-Resistant Oleophobic Coating,8 Megapixel Camera with Autofocus, Backside Illumination and Panorama (up to 43MP),Wi-Fi and Bluetooth 4.2 Technology, FaceTime HD Camera, and Four-Speaker Audio"
"2020 Apple iPad Pro (11-inch, Wi-Fi, 256GB) - Space Gray (Renewed)",$,4.5 out of 5 stars,669 global ratings,"11-Inch Edge-to-Edge Liquid Retina Display with ProMotion, True Tone, and P3 Wide Color,A12Z Bionic Chip with Neural Engine - 802.11AX Wi-Fi 6 - Up to 10 Hours of Battery Life/Charge,12MP Wide Camera, 10MP Ultra Wide Camera, 7MP TrueDepth Front Camera, and LIDAR Scanner,Four Speaker Audio and Five Studio-Quality Microphones - Face ID for Secure Authentication and Apple Pay,USB-C Connector for Charging and Accessories - Support for Magic Keyboard, Smart Keyboard Folio, and Apple Pencil"
"Apple iPad Air 2, 64 GB, Gold, (Renewed)",$157.00,4.2 out of 5 stars,"1,259 global ratings","Apple iOS 8; 9.7-Inch Retina Display; 2048x1536 Resolution,A8X Chip with 64-bit Architecture; M8 Motion Coprocessor,Wi-Fi (802.11a, b, g, n, ac): 16 GB Capacity: 2GB RAM,8 MP iSight Camera; FaceTime HD Camera - Up to 10 Hours of Battery Life"
"SAMSUNG Galaxy Tab A8 10.5” 32GB Android Tablet, LCD Screen, Kids Content, Smart Switch, Long Lasting Battery, US Version, 2022, Silver, Amazon Exclusive",$,4.5 out of 5 stars,"15,503 global ratings","A SCREEN EVERYONE WILL LOVE: Whether your family is streaming or video chatting with friends, the Galaxy Tab A8 tablet brings out the best in every moment on a 10.5"" LCD screen,POWER AND STORAGE FOR ALL: Get the power, storage and speed your family needs with an upgraded chipset and plenty of room to keep files — up to 128GB of storage; A long-lasting battery lets you go unplugged for hours to keep the family fun going,CHARGE FAST, POWER FOR HOURS: Go for hours on a single charge and back to 100% with the fast charging USB C port; Battery life may vary depending on network environment, usage patterns and other factors,GALAXY ECOSYSTEM EXPERIENCE: Open up a new world of convenient possibilities with the Galaxy ecosystem experience — your devices, including your phone, laptop computer, and tablet, all automatically talk to one another seamlessly,YOUR NOTES, ALL IN ONE PLACE: Do more with your notes with Galaxy connectivity that automatically syncs everything from to-do lists to school work, whether you’re on your tablet, phone or watch,KIDS DIGITAL LEARNING: Children can enjoy access to Samsung Kids, a library of safe and fun games, books and videos that are kid friendly and parent approved,EASIEST. TRANSFER. EVER: No matter what operating system you're using, Smart Switch makes it a breeze to move your data and favorite files in three easy steps"
"2020 Apple iPad Air (10.9-inch, Wi-Fi, 64GB) Green (Renewed)",$414.95,4.6 out of 5 stars,234 global ratings,"Stunning 10.9-Inch Liquid Retina Display with True Tone and P3 Wide Color,A14 Bionic Chip with Neural Engine - 802.11AX Wi-Fi 6 - Wide Stereo Audio,12MP Back Camera, 7MP FaceTime HD Front Camera - Up to 10 Hours of Battery Life,Touch ID for Secure Authentication - USB-C Connector for Charging and Accessories,Support for Magic Keyboard, Smart Keyboard Folio, and Apple Pencil (2nd Generation)"
"2020 Apple iPad Pro (12.9-inch, Wi-Fi, 256GB) - Space Gray (Renewed)",$730.81,4.5 out of 5 stars,307 global ratings,"12.9-Inch Edge-to-Edge Liquid Retina Display with ProMotion, True Tone, and P3 Wide Color,A12Z Bionic Chip with Neural Engine - 802.11AX Wi-Fi 6 - Up to 10 Hours of Battery Life/Charge,12MP Wide Camera, 10MP Ultra Wide Camera, 7MP TrueDepth Front Camera, and LIDAR Scanner,Four Speaker Audio and Five Studio-Quality Microphones - Face ID for Secure Authentication and Apple Pay,USB-C Connector for Charging and Accessories - Support for Magic Keyboard, Smart Keyboard Folio, and Apple Pencil"
"2018 Apple iPad (WiFi, 128GB) Space Gray (Renewed)",$229.00,4.6 out of 5 stars,"2,320 global ratings","9.7"" Multi-Touch Retina Display 2048 x 1536 Screen Resolution (264 ppi),Apple A10 Fusion SoC and M10 Coprocessor 4G LTE | 802.11ac Wi-Fi | Bluetooth 4.10,Front 1.2MP FaceTime HD Camera Rear 8MP Camera,Apple Pencil Support Night Shift | Touch ID Sensor"
"Apple iPad Air 2, 16 GB, Space Gray (Renewed)",$134.00,4.3 out of 5 stars,"3,138 global ratings","Renewed products look and work like new. These pre-owned products have been inspected and tested by Amazon-qualified suppliers, which typically perform a full diagnostic test, replacement of any defective parts, and a thorough cleaning process. Packaging and accessories may be generic. All products on Amazon Renewed come with a minimum 90-day supplier-backed warranty.,A8X Chip with 64-bit Architecture; M8 Motion Coprocessor,Wi-Fi (802.11a/b/g/n/ac): 16 GB Capacity: 2GB RAM,8 MP iSight Camera; FaceTime HD Camera - Up to 10 Hours of Battery Life. Apple iOS 8; 9.7-Inch Retina Display; 2048x1536 Resolution"
Apple IPad Air 2 WI-FI 64GB Space Gray (Renewed),$169.99,4.5 out of 5 stars,"2,555 global ratings","Retina display,A8X chip with 64-bit architecture and M8 motion coprocessor,Fingerprint identity sensor"
"Apple iPad Air 2 MH2N2LL/A (64GB , Wi-Fi + 4G, Silver) NEWEST VERSION (Renewed)",$174.95,4.4 out of 5 stars,310 global ratings,"Apple iOS 8: 9.7-Inch Retina Display: 2048x1536 Resolution,A8X Chip with 64-bit Architecture: M8 Motion Coprocessor,Wi-Fi (802.11a/b/g/n/ac) + Cellular: 64 GB Capacity,8 MP iSight Camera: FaceTime HD Camera,Up to 10 Hours of Battery Life"
"Apple iPad (10.2-inch, Wi-Fi, 128GB, 8th Generation)- Space Gray (Renewed)",$,4.6 out of 5 stars,"2,454 global ratings","Gorgeous 10.2-Inch Retina Display - A12 Bionic Chip with Neural Engine,8MP Back Camera, 1.2MP FaceTime HD Front Camera - Stereo Speakers,802.11AC Wi-Fi 5 - Lightning Connector for Charging & More Accessories,Up to 10 Hours of Battery Life/Charge - Touch ID Fingerprint Sensor,Support for Smart Keyboard and Apple Pencil (1st Generation)"
"Apple iPad Pro Tablet (128GB, LTE, 9.7in) Gold (Renewed)",$248.00,4.6 out of 5 stars,110 global ratings,"9.7-inch LED-backlit IPS LCD Multi-Touchscreen,22 Megapixel Camera (3264 x 2448 pixels) w/ Autofocus + Front-facing 1.2 Megapixel Camera w/ face detection, HDR, FaceTime over Wi-Fi,Apple A9X 64-bit SoC with M9 Coprocessor"
"2021 Apple iPad 9th Gen (10.2 inch, Wi-Fi + Cellular, 64GB) Space Gray (Renewed)",$307.97,4.7 out of 5 stars,935 global ratings,"Gorgeous 10.2-inch Retina display with True Tone - A13 Bionic chip with Neural Engine,8MP Wide back camera, 12MP Ultra Wide front camera with Center Stage,Up to 256GB storage - Fast 802.11ac Wi-Fi - Up to 10 hours of battery life,Touch ID for secure authentication and Apple Pay - Stereo speakers,Lightning connector for charging and more accessories"
"Apple iPad (5th Generation) WiFi , 128GB, Silver (2017 Model) (Renewed)",$223.00,4.6 out of 5 stars,184 global ratings,"9.7in Multi-Touch Retina Display,2048 x 1536 Screen Resolution (264 ppi),Apple A9 64-bit SoC with M9 Coprocessor,802.11ac Wi-Fi | Bluetooth 4.2"
Apple iPad Air 2 a1567 16GB Space Gray Tablet WiFi + 4G Unlocked GSM/CDMA (Renewed),$144.95,3.9 out of 5 stars,22 global ratings,"Renewed products look and work like new. These pre-owned products have been inspected and tested by Amazon-qualified suppliers, which typically perform a full diagnostic test, replacement of any defective parts, and a thorough cleaning process. Packaging and accessories may be generic. All products on Amazon Renewed come with a minimum 90-day supplier-backed warranty.,Powered by Apple A8x processor,8-megapixel primary camera on the rear and a 1.2-megapixel front shooter for selfies.,16GB of internal storage (expandable with iCloud),9.7-inch touchscreen display with a resolution of 2048 pixels by 1536 pixels at a PPI of 264 pixels per inch."
"Apple MGL12LL/A iPad Air 2 Gray 9.7-Inch Retina Display, 16GB, Wi-Fi (Renewed)",$,4.4 out of 5 stars,"1,046 global ratings","Stop straining your eyes and put you phone away. Enjoy your favorite apps and content on the larger 9.7"" touch screen with a brilliant 2048 x 1536 resolution.,Stop straining your eyes and put you phone away. Enjoy your favorite apps and content on the larger 9.7"" touch screen with a brilliant 2048 x 1536 resolution.,Whether you are surfing the web or completing an assignment, this tablet gives you all the power to do so anywhere with its long lasting battery life."
"Apple iPad Pro Tablet (128GB, Wi-Fi, 9.7in) Gray (Renewed)",$269.99,4.5 out of 5 stars,"2,263 global ratings","Dual-Core 2.26 GHz (Twister) Processor, Chipset: Apple A9X; Wi-Fi 802.11 a/b/g/n/ac, Bluetooth: v4.0, A2DP, EDR, USB: v3.0, reversible connector, GPS: with A-GPS, GLONASS ( Wi-Fi ),9.7-inch LED-backlit IPS LCD Multi-Touchscreen Scratch-resistant glass w/ oleophobic coating; iOS 9 (upgradable); Internal Memory: 128GB, 2GB RAM,11 Megapixel Camera (3264 x 2448 pixels) w/ Autofocus + Front-facing 1.2 Megapixel Camera w/ face detection,HDR, FaceTime over Wi-Fi,This Certified Refurbished product has been tested and certified to work and look like new, with minimal to no signs of wear, by a specialized third-party seller approved by Amazon. The product is backed by a minimum 90-day warranty, and may arrive in a generic brown or white box. Accessories may be generic and not directly from the manufacturer.,Dimensions: 9.4 x 6.6 x 0.24 (inches)"
iPad Air 2-16GB - WiFi - Gold (Renewed Premium),$237.46,,,Home/Touch ID sensor. Built-in stereo speakers. Lightning connector. 3.5 mm headphone jack. Dual microphones. On/Off - Sleep/Wake. Volume up/down. Nano-SIM tray (cellular models)
"Apple iPad with Retina Display MD513LL/A (16GB, Wi-Fi, White) 4th Generation (Renewed)",$,3.6 out of 5 stars,82 global ratings,
"2018 Apple iPad (WiFi, 128GB) Space Gray (Renewed)",$229.00,4.6 out of 5 stars,"2,320 global ratings","9.7"" Multi-Touch Retina Display 2048 x 1536 Screen Resolution (264 ppi),Apple A10 Fusion SoC and M10 Coprocessor 4G LTE | 802.11ac Wi-Fi | Bluetooth 4.10,Front 1.2MP FaceTime HD Camera Rear 8MP Camera,Apple Pencil Support Night Shift | Touch ID Sensor"
"2020 Apple iPad Pro (12.9-inch, Wi-Fi, 128GB) - Space Gray (Renewed)",$676.92,4.5 out of 5 stars,320 global ratings,"12.9-Inch Edge-to-Edge Liquid Retina Display with ProMotion, True Tone, and P3 Wide Color,A12Z Bionic Chip with Neural Engine - 802.11AX Wi-Fi 6 - Up to 10 Hours of Battery Life/Charge,12MP Wide Camera, 10MP Ultra Wide Camera, 7MP TrueDepth Front Camera, and LIDAR Scanner,Four Speaker Audio and Five Studio-Quality Microphones - Face ID for Secure Authentication and Apple Pay,USB-C Connector for Charging and Accessories - Support for Magic Keyboard, Smart Keyboard Folio, and Apple Pencil"
"2021 Apple iPad Mini 6 (8.3 inch, Wi-Fi, 64GB) Space Gray (Renewed)",$419.00,4.5 out of 5 stars,529 global ratings,"Gorgeous 8.3-inch Liquid Retina display with True Tone - A15 Bionic chip with Neural Engine,12MP Wide back camera, 12MP Ultra Wide front camera with Center Stage,Stay connected with ultrafast Wi-Fi 6 - Up to 256GB storage - Comes in 4 colors,Up to 10 hours of battery life - Touch ID for secure authentication and Apple Pay,USB-C connector for charging and accessories - Supports Apple Pencil (2nd generation)"
"Apple iPad Pro 10.5in (2017) 256GB, Wi-Fi - Space Gray (Renewed)",$419.99,4.4 out of 5 stars,267 global ratings,"Apple iOS 11 Operating System; A10X Fusion Chip with 64-bit architecture Embedded M10 Coprocessor,10.5-inch (diagonal) LED-backlit Multi-Touch Retina Display (2224 x 1668 resolution at 264 ppi),12 Megapixel iSight Camera with Quad-LED True Tone Flash and Panorama (up to 63MP)"
Apple iPad mini with Retina Display 16GB WiFi Cellular 7.9-Inch - Space Gray (Renewed),$139.99,3.1 out of 5 stars,19 global ratings,
Apple iPad Air 4-64GB - WiFi + Cellular - Space Gray (Renewed Premium),$615.09,,,Speakers. Top button/Touch ID sensor. Microphones. Volume up/down. Camera. Magnetic connector. Nano-SIM tray (cellular models). Smart Connector. USB-C connector
"Early 2022 Apple iPad Air (10.9-inch, Wi-Fi, 256GB) Blue (Renewed)",$599.95,4.0 out of 5 stars,20 global ratings,"Stunning 10.9-Inch Liquid Retina Display with True Tone and P3 Wide Color,Apple M1 Chip with Neural Engine - 802.11AX Wi-Fi 6 - Stereo Landscape Audio,12MP Wide Camera, 12MP Ultra Wide Front Camera - Up to 10 Hours of Battery Life,Touch ID for Secure Authentication - USB-C Connector for Charging and Accessories,Support for Magic Keyboard, Smart Keyboard Folio, and Apple Pencil (2nd Generation),Included components: 10.9-inch iPad Air"
"2021 Apple 11-inch iPad Pro (Wi-Fi + Cellular, 2TB) - Space Gray (Renewed)",$,,,"Apple M1 chip for next-level performance - Go further with all-day battery life,Stunning 11-inch Liquid Retina display with ProMotion, True Tone, and P3 wide color,TrueDepth camera system featuring Ultra Wide front camera with Center Stage,12MP Wide camera, 10MP Ultra Wide camera, and LiDAR Scanner for immersive AR,Stay connected with ultrafast Wi-Fi - Face ID for secure authentication and Apple Pay"
"7 inch Tablet, Android 11, 2GB RAM 32GB ROM, Quad-Core Processor, Dual Camera, WiFi, Bluetooth, 128GB Expand, Google Play GMS Certified",$,3.5 out of 5 stars,157 global ratings,"【Android 11, 2GB RAM+32GB ROM】 7 inch tablet use the latest Android 11.0 OS, 2GB RAM+32GB ROM, Can be expanded up to 512GB via TF card, ensures you have an ultra-smooth gaming and speedy multimedia using experience, delivering quick app launches,【Google GMS Certified】 The android tablet has passed the GMS certification and Pre-installed Google Play, You have full access to the latest Google service, such as Google Play, WhatsApp, G-mail, Skype, Disney+, Netflix, Twitter, YouTube, Tiktok, Google Assistant and more brilliant apps,【3000mAh Ultra-large battery】This 7 inch Android Tablet equipped with 3000 mAh battery with a 1024 x 600 brilliant HD IPS display, can provides more than 6 hours of mixed-use, It's ready for daily life as well as travel,【Dual Camera & Bluetooth 4.2】Tablet with dual camera, Flash Light, Support Bluetooth, WIFI, 32GB Storage, 1080P Videos. Meets Reading, Photograph, videos, Music, etc. Suitable for Most Life Scenarios,【Good Gift and Service Guarantee】 This is a good gift for friends, and for your own daily leisure.it also a tablet for kids to learn and tablet for seniors easy to use. If you have any questions, please feel free to contact us"
"Apple iPad 9.7in 6th Generation WiFi + Cellular (128GB, Space Gray) (Renewed)",$229.00,4.5 out of 5 stars,440 global ratings,"9.7"" Multi-Touch Retina Display 2048 x 1536 Screen Resolution (264 ppi),Apple A10 Fusion SoC and M10 Coprocessor 4G LTE | 802.11ac Wi-Fi | Bluetooth 4.14,Front 1.2MP FaceTime HD Camera Rear 8MP Camera,Apple Pencil Support Night Shift | Touch ID Sensor"
"SGIN Tablet 10.1 Inch Android 12 Tablet, 2GB RAM 32GB ROM Tablets with Quad-Core A133 1.6Ghz Processor, 2MP + 5MP Camera, Bluetooth, GPS, 5000mAh(Black)",$,4.3 out of 5 stars,349 global ratings,"【High-Performance tablets】: This kids tablet is equipped with 2GB RAM, 32GB ROM, supports 32G TF card expansion,Includes a clear 2MP front camera and 5MP rear camera,WiFi, GPS, Bluetooth, FM radio, dual-speaker, meeting the needs of online learning and video calls. More functions make you enjoy on-the-go fun and productivity.,【Latest Android 12 tablet】: Android 12 tablet comes with a powerful Android 12.0 system, Android 12.0 system better and faster than Android 11.0, Supporting TF Card to extende up to 32GB(not included),【10 Inch Tablet with IPS Display】: Tablet android with a 10.1” 800*1280 IPS display, text is sharp and clear, and colours are more vivid. wide frame design, wider field of vision, comfortable viewing video, increasing the viewing angle and touch sensitivity.,【Long Battery Life】: Providing a 5000mWh rechargeable battery, the power-efficient tablet is designed to last for up to 6-8 hours on a single charge, so you can work or play throughout the day while you're on the move. Easily charge via the Type-C port and rest assured the battery will last.,【1-Year Warranty】: Since the date you buy the Wifi tablet, we will give a complete 365-day warranty period. SGIN has always been committed to providing customers with a satisfactory shopping experience. If there is a problem, we will reply to you within 12 hours to help you solve the problem.Please enter the table first and then connect to WIFI."
"Apple iPad (5thGEneration) Wi-Fi, 128GB - Space Gray (Renewed)",$201.00,4.6 out of 5 stars,"2,862 global ratings","IOS 11 Operating System; A9 Chip with 64-bit architecture and embedded M9 coprocessor,9.7-inch (diagonal) LED-backlit Multi-Touch Retina Display with IPS Technology (2048 x 1536 Resolution at 264 ppi) with Fingerprint-Resistant Oleophobic Coating,8 Megapixel Camera with Autofocus, Backside Illumination and Panorama (up to 43MP),Wi-Fi and Bluetooth 4.2 Technology, FaceTime HD Camera, and Four-Speaker Audio"
"2017 Apple iPad Pro (10.5-inch, Wi-Fi, 64GB) - Silver (Renewed)",$249.00,4.6 out of 5 stars,223 global ratings,"Up to 10 Hours of Battery Life,12 MP iSight Camera, True Tone Flash, Panorama (up to 63MP), Four-Speaker Audio,Apple iOS 10, A10X Fusion chip with 64-bit architecture Embedded M10 coprocessor,10.5 inch Retina Display, 2224 x 1668 Resolution, Wide Color and True Tone Display,Certified Refurbished products are tested and certified to look and work like new, with limited to no wear, by a third-party refurbisher. The refurbishing process includes functionality testing, cosmetic inspection, and repackaging. The product is backed by a minimum 90-day warranty, and may arrive in a generic brown or white box. The product ships with a charger and cable, but does not include headphone or manual. Accessories may be generic and not directly from the Manufacturer."
"Apple iPad (10th Generation): with A14 Bionic chip, 10.9-inch Liquid Retina Display, 64GB, Wi-Fi 6, 12MP front/12MP Back Camera, Touch ID, All-Day Battery Life – Pink",$,4.8 out of 5 stars,"3,304 global ratings","WHY IPAD — Colorfully reimagined and more versatile than ever, iPad is great for the things you do every day. With an all-screen design, 10.9-inch Liquid Retina display, powerful A14 Bionic chip, superfast Wi-Fi, and four gorgeous colors, iPad delivers a powerful way to create, stay connected, and get things done.,IPADOS + APPS — iPadOS makes iPad more productive, intuitive, and versatile. With iPadOS, run multiple apps at once, use Apple Pencil to write in any text field with Scribble, and edit and share photos. iPad comes with essential apps like Safari, Messages, and Keynote, with over a million more apps available on the App Store.,FAST WI-FI CONNECTIVITY — Wi-Fi 6 gives you fast access to your files, uploads, and downloads, and lets you seamlessly stream your favorite shows.,PERFORMANCE AND STORAGE — The A14 Bionic chip delivers power and performance for any activity. And with all-day battery life, iPad is perfect for playing immersive games and editing photos and videos. Choose from 64GB or 256GB storage options.,APPLE PENCIL AND MAGIC KEYBOARD FOLIO — With Apple Pencil (1st generation), iPad transforms into an immersive drawing canvas and the world’s best note‑taking device. The Magic Keyboard Folio features a versatile two-piece design with a detachable keyboard and a protective back panel that both attach magnetically to iPad.,10.9-INCH LIQUID RETINA DISPLAY — The gorgeous Liquid Retina display is an amazing way to watch movies or draw your next masterpiece. True Tone adjusts the display to the color temperature of the room to make viewing comfortable in any light.,UNLOCK AND PAY WITH TOUCH ID — Touch ID is built into the top button, so you can use your fingerprint to unlock your iPad, sign in to apps, and make payments securely with Apple Pay.,ADVANCED CAMERAS — iPad features a landscape 12MP Ultra Wide front camera that supports Center Stage for videoconferencing and selfies. Shoot 4K video or photos with the 12MP Wide back camera, then edit right on your iPad.,LEGAL DISCLAIMERS — This is a summary of the main product features."
"Apple iPad Pro 2018 (11-inch, Wi-Fi, 64GB) - Silver (Renewed)",$,4.3 out of 5 stars,331 global ratings,"The 11"" touch screen LED-backlit display and 1668 x 2388 resolution will have playing all day!,The 11"" touch screen LED-backlit display and 1668 x 2388 resolution will have playing all day!,Lighten your load with this light weight tablet and entertain your down time with its long lasting battery."
Apple iPad Air 3 Gray 256GB WiFi,$299.00,4.5 out of 5 stars,"1,981 global ratings","10. 5-Inch Retina Display with True Tone and wide Color,A12 Bionic chip,Touch ID Fingerprint Sensor and Apple Pay,8MP back camera, 7MP FaceTime HD Front camera,Stereo speakers,802. 11ac Wi-Fi,Up to 10 hours of battery life,Lightning connector for charging and accessories,iOS 12 with Group FaceTime, shared augmented reality experiences, Screen Time, and more"
Samsung Galaxy Tab E 8 16GB 4G (Verizon) (Renewed),$75.55,4.1 out of 5 stars,337 global ratings,"Android 5.1.1 Lollipop OS,Quad 1.3 GHz, Island Processor,1.5GB RAM - 16GB ROM,8"" HD Display (1280x720) - Dual Webcam"
"Apple iPad Pro (32GB, Wi-Fi, Space Gray) 12.9in Tablet (Renewed)",$399.99,4.2 out of 5 stars,392 global ratings,"12.9in Retina Display, 2732 x 2048 Resolution,8 MP iSight Camera, Four-Speaker Audio,32GB Capacity, Wi-Fi (802.11a, b, g, n, ac) + Bluetooth 4.2,Apple iOS 9, Dual-Core A9X Chip with Quad-Core Graphics"
"2023 Newest Tablet with Keyboard, 10 inch 2 in 1 Tablets, Android 11 OS Quad-Core Processor, 64GB ROM+4GB RAM+1TB Expend Tablet PC, Case/Mouse/Stylus/8MP Camera/6000mAh Battery/1280x800 HD Display",$,3.9 out of 5 stars,132 global ratings,"【2023 Newest Tablet with keyboard】 The portable tablet has a 2-in-1 working mode, you can use the bluetooth function to connect the keyboard, mouse, come with a foldable protective case stylus, and film, you can flexibly turn the tablet into a laptop mode or computer mode for different use, edit your papers, emails, ppts comfortably.,【Upgraded to 64GB ROM Storage】The latest Android 11 system, 1.8Ghz Quad-core processor, 4GB RAM+64GB ROM (1TB Expandable), ensure the android tablet pc running faster, stable, enough memory allows you to store more favorite e-books, movies, music, pictures, videos, games.,【High Definition Dual Cameras】IWEGGO 10 inch tablet computer has ultra-thin metal body, 1280x800 FHD IPS screen, presenting a vivid, colorful and dazzling visual experience. The cheap android 11 tablet with rear 8mp autofocus camera + front 5mp wide-angle lens for easy shooting of high-definition photos and videos.,【Fast connection 2.4G/5G/WiFi 6 Tablet】 Ultra-fast 2.4Ghz / 5Ghz Wi-Fi 6 and Bluetooth 5.0 technology provide more convenience. This version has passed GMS certification, you can download thousands of apps, such as YouTube, Netflix, large-scale games, Google maps, office software, etc.,【Large battery with low power consumption】 The android 11 tablets pc 6000mAh lithium polymer battery and low power CPU, it can be easily used at home or on the go. Enjoy watching TV, surfing the Internet, listening to music, shopping and other functions. It is a good companion for your entertainment and the best gift for all kinds of festivals and birthdays."
"Apple MGKL2LL/A iPad Air 2 64GB, Wi-Fi, (Space Gray) (Renewed)",$,4.4 out of 5 stars,"1,709 global ratings","Renewed products look and work like new. These pre-owned products have been inspected and tested by Amazon-qualified suppliers, which typically perform a full diagnostic test, replacement of any defective parts, and a thorough cleaning process. Packaging and accessories may be generic. All products on Amazon Renewed come with a minimum 90-day supplier-backed warranty."
"Apple iPad Pro Tablet (32GB, Wi-Fi, 9.7in) Space Gray (Renewed)",$180.00,4.5 out of 5 stars,"1,087 global ratings","9.7"" LED-backlit IPS LCD Multi-Touchscreen,22 Megapixel Camera (3264 x 2448 pixels) w/ Autofocus + Front-facing 1.2 Megapixel Camera w/ face detection, HDR, FaceTime over Wi-Fi,Apple A9X 64-bit SoC with M9 Co-processor,Scratch-Resistant and Oleophobic Coating"
"Apple iPad mini 4 (16GB, Wi-Fi, Silver) (Refurbished)",$,4.2 out of 5 stars,159 global ratings,"Renewed products look and work like new. These pre-owned products have been inspected and tested by Amazon-qualified suppliers, which typically perform a full diagnostic test, replacement of any defective parts, and a thorough cleaning process. Packaging and accessories may be generic. All products on Amazon Renewed come with a minimum 90-day supplier-backed warranty."
"Apple iPad Pro (32GB, Wi-Fi, Space Gray) 12.9in Tablet (Renewed)",$399.99,4.2 out of 5 stars,392 global ratings,"12.9in Retina Display, 2732 x 2048 Resolution,8 MP iSight Camera, Four-Speaker Audio,32GB Capacity, Wi-Fi (802.11a, b, g, n, ac) + Bluetooth 4.2,Apple iOS 9, Dual-Core A9X Chip with Quad-Core Graphics"
"Apple iPad Mini (6th Generation): with A15 Bionic chip, 8.3-inch Liquid Retina Display, 64GB, Wi-Fi 6, 12MP front/12MP Back Camera, Touch ID, All-Day Battery Life – Pink",,4.8 out of 5 stars,"7,149 global ratings","WHY IPAD MINI — The full iPad experience designed to fit in one hand. With an 8.3-inch Liquid Retina display, powerful A15 Bionic chip, 12MP Ultra Wide front camera with Center Stage, USB-C connectivity, and ultrafast Wi-Fi. Take notes, mark up documents, and edit photos and videos.,IPADOS + APPS — iPadOS makes iPad more productive, intuitive, and versatile. With iPadOS, run multiple apps at once, use Apple Pencil to write in any text field with Scribble, and edit and share photos. iPad mini comes with essential apps like Safari, Messages, and Keynote, with over a million more apps available on the App Store.,FAST WI-FI CONNECTIVITY — Fast Wi-Fi keeps you connected at home, work, school, or wherever you go with your iPad.,PERFORMANCE AND STORAGE — The A15 Bionic chip delivers powerful performance and blazing-fast graphics. And with all-day battery life, iPad mini is always ready for any task or project. Choose from 64GB or 256GB storage options depending on the room you need for apps, music, movies, and more.,APPLE PENCIL AND SMART FOLIO — With Apple Pencil (2nd generation), iPad mini transforms into the world’s best note‑taking device. To protect your iPad mini and easily prop it up, you can use the slim Smart Folio covers, available in five colors.,8.3-INCH LIQUID RETINA DISPLAY — The gorgeous Liquid Retina display features advanced technologies like True Tone, P3 wide color, and ultralow reflectivity, which make everything look stunning.,UNLOCK AND PAY WITH TOUCH ID — Touch ID is built into the top button, so you can use your fingerprint to unlock your iPad, sign in to apps, and make payments securely with Apple Pay.,ADVANCED CAMERAS — iPad mini features a 12MP Ultra Wide front camera that supports Center Stage for videoconferencing and selfies. The 12MP Wide back camera with True Tone flash is perfect for capturing photos and 4K videos.,LEGAL DISCLAIMERS — This is a summary of the main product features."
"Apple iPad Air 2, 32 GB, Silver, (Renewed)",$159.00,4.2 out of 5 stars,313 global ratings,"Apple iOS; 9.7-Inch Retina Display; 2048x1536 Resolution,A8X Chip with 64-bit Architecture; M8 Motion Coprocessor,Wi-Fi (802.11a, b, g, n, ac): 32 GB Capacity: 2GB RAM,8 MP iSight Camera; FaceTime HD Camera - Up to 10 Hours of Battery Life"
"2020 Apple iPad Pro (12.9-inch, Wi-Fi, 256GB) - Space Gray (Renewed)",$730.81,4.5 out of 5 stars,307 global ratings,"12.9-Inch Edge-to-Edge Liquid Retina Display with ProMotion, True Tone, and P3 Wide Color,A12Z Bionic Chip with Neural Engine - 802.11AX Wi-Fi 6 - Up to 10 Hours of Battery Life/Charge,12MP Wide Camera, 10MP Ultra Wide Camera, 7MP TrueDepth Front Camera, and LIDAR Scanner,Four Speaker Audio and Five Studio-Quality Microphones - Face ID for Secure Authentication and Apple Pay,USB-C Connector for Charging and Accessories - Support for Magic Keyboard, Smart Keyboard Folio, and Apple Pencil"
"Cheerjoy Kids Tablet 10 inch, Android 12 Tablet for Kids with Parent Control, Kidoz Pre-Installed, 2GB+32GB, 6000mAh Dual Camera WiFi Bluetooth Tablet, Children Tablet with Shock-Proof Case (Blue)",$,4.8 out of 5 stars,55 global ratings,"Newest Friendly Kids Tablet - The 10 inch kids tablet runs on the latest Android 12 and equipped with 1.6Ghz quad-core processor, 2GB RAM, 32GB ROM, which makes our tablet run smoothly when browsing app and medias. It has security controls; content management; behavioral restrictions, theme and user settings, etc. It's easy to operate and enough for kids to watch movies, play games, listen to music. A good tablet companion for kids exploring.,Kids Safety & Parent Control - Cheerjoy kids android tablet adopts Kidoz app, which can offer safe content and guarantee thousands of filtered content suitable for growing minds. With the preinstalled Familygroup app in this kids learning tablet, parents can set screen time limit, security modes, and content management easily to create a safe online environment for kids. Through parental control mode, parents can also check activities on children's tablet,how offen and how long it was used.,Eye Protection with Large Storage - This large kids tablet 10 inch with IPS 1280*800 HD touchscreen, designed with low blue light technology, high contrast, wide viewing angle, automatically adjust the brightness to minimize damage children's eyes. With built-in 32GB storage space,which can be expanded to 128GB through the Micro SD slot, you can download or save more suitable videos, cartoons, education games etc. for children.,Long Battery Life - The kids tablet has big capacity 6000mAhs battery, normally up to 8-12hrs using time under fully charges conditon. which enhances your experience and allow your kids to enjoy their time. This android tablet needs to be charged soon if the power is lower than 5% to protect the tablet battery life, anyway, it's a wonderful companion to your kids for learning and playing.,Shockproof Case - This tablet for kids comes with a silicone case - lightweight, durable and impact resistant, designed to prevent the children tablet from scratch, dirt, dust, etc. during falls and collisions. The case has stand function, so kids don't need to hold the tablet all the time while learning, watching and playing games. This android kids tablet offers a multi-selection of age-appropriate online, a best gift for children girls and boys."
"Apple iPad Air 2, 64 GB, Gold, (Renewed)",$157.00,4.2 out of 5 stars,"1,259 global ratings","Apple iOS 8; 9.7-Inch Retina Display; 2048x1536 Resolution,A8X Chip with 64-bit Architecture; M8 Motion Coprocessor,Wi-Fi (802.11a, b, g, n, ac): 16 GB Capacity: 2GB RAM,8 MP iSight Camera; FaceTime HD Camera - Up to 10 Hours of Battery Life"
"Apple iPad Pro Tablet (256GB, Wi-Fi, 9.7in) Gold (Renewed)",$289.99,4.3 out of 5 stars,85 global ratings,"9.7-inch LED-backlit IPS LCD Multi-Touchscreen Scratch-resistant glass w/ oleophobic coating; iOS 9 (upgradable); Internal Memory: 256GB, 4GB RAM,20 Megapixel Camera (3264 x 2448 pixels) w/ Autofocus + Front-facing 1.2 Megapixel Camera w/ face detection, HDR, FaceTime over Wi-Fi,Dimensions: 12.04 x 8.69 x 0.27 (inches), Non-Removable Li-Ion 10,307 mAh Battery"
"Amazon Fire 7 tablet, 7” display, 16 GB, 10 hours battery life, light and portable for entertainment at home or on-the-go, (2022 release), Denim",$,4.5 out of 5 stars,"8,847 global ratings","7” touchscreen; 16GB or 32GB of storage (add up to 1TB of expandable storage with microSD).,Up to 10 hours of reading, browsing the web, watching videos and listening to music.,Enhanced performance - up to 30% faster quad-core processor and 2 GB of RAM (double compared to Fire 7—9th generation).,Unwind with your favorite content from Netflix, Facebook, Hulu, Instagram, TikTok, and more through Amazon’s Appstore (Google Play not supported. Subscription for some apps required).,Stay in touch with Zoom, or ask Alexa to make video calls to friends and family.,Get more done with Alexa. Update shopping lists, set reminders or listen to your favorite podcast.,Amazon Kids offers easy-to-use parental controls on Fire tablets. Subscribe to Amazon Kids+ for access to thousands of books, popular apps and games, videos, songs, Audible books, and more."
"Apple iPad Pro Tablet (128GB, Wi-Fi, 9.7in) Gold (Renewed)",$209.99,4.4 out of 5 stars,321 global ratings,"16 Megapixel Camera (3264 x 2448 pixels) w/ Autofocus + Front-facing 1.2 Megapixel Camera w/ face detection, HDR, FaceTime over Wi-Fi,9.7-inch LED-backlit IPS LCD Multi-Touchscreen Scratch-resistant glass w, oleophobic coating; iOS 9 (upgradable); Internal Memory: 128GB, 2GB RAM"
Apple iPad (8th Gen.) - 128GB - WiFi - Space Gray (Renewed Premium),$380.00,1.0 out of 5 stars,1 global rating,Smart Connector. 3.5 mm headphone jack. Stereo speakers. On/Off - Sleep/Wake. Home/Touch ID sensor. Dual microphones. Volume up/down. Nano-SIM tray (cellular models). Lightning connector
"Early 2022 Apple iPad Air 5th Gen (10.9 inch, Wi-Fi, 64GB) Space Gray (Renewed)",$492.97,4.5 out of 5 stars,229 global ratings,"Stunning 10.9-Inch Liquid Retina Display with True Tone and P3 Wide Color,Apple M1 Chip with Neural Engine - 802.11AX Wi-Fi 6 - Stereo Landscape Audio,12MP Wide Camera, 12MP Ultra Wide Front Camera - Up to 10 Hours of Battery Life,Touch ID for Secure Authentication - USB-C Connector for Charging and Accessories,Support for Magic Keyboard, Smart Keyboard Folio, and Apple Pencil (2nd Generation)"
"Apple iPad 9.7in 6th Generation WiFi + Cellular (32GB, Space Gray) (Renewed)",$199.00,4.5 out of 5 stars,"1,332 global ratings","9.7"" Multi-Touch Retina Display 2048 x 1536 Screen Resolution (264 ppi),Apple A10 Fusion SoC and M10 Coprocessor 4G LTE | 802.11ac Wi-Fi | Bluetooth 4.7,Front 1.2MP FaceTime HD Camera Rear 8MP Camera,Apple Pencil Support Night Shift | Touch ID Sensor"
"Apple iPad 9.7' with WiFi, 32GB, Space Gray - MP2F2LL/A (Renewed)",$,4.4 out of 5 stars,437 global ratings,
"2021 Apple iPad Mini 6 (8.3 inch, Wi-Fi, 64GB) Space Gray (Renewed)",$419.00,4.5 out of 5 stars,529 global ratings,"Gorgeous 8.3-inch Liquid Retina display with True Tone - A15 Bionic chip with Neural Engine,12MP Wide back camera, 12MP Ultra Wide front camera with Center Stage,Stay connected with ultrafast Wi-Fi 6 - Up to 256GB storage - Comes in 4 colors,Up to 10 hours of battery life - Touch ID for secure authentication and Apple Pay,USB-C connector for charging and accessories - Supports Apple Pencil (2nd generation)"
"Apple 2021 10.2-inch iPad (Wi-Fi, 64GB) - Space Gray with AppleCare+ (Renews Monthly Until Cancelled)",$273.48,5.0 out of 5 stars,1 global rating,"Gorgeous 10.2-inch Retina display with True Tone,A13 Bionic chip with Neural Engine,AppleCare+ for iPad extends your repair coverage and technical support to two years from your AppleCare+ purchase date,It adds coverage for up to two incidents of accidental damage from handling, each subject to a service fee of $49 for iPad and $29 for Apple Pencil, plus applicable tax"
"2017 Apple iPad (9.7-inch, Wi-Fi, 32GB) - Silver (Renewed)",$154.00,4.5 out of 5 stars,"1,551 global ratings","Renewed products look and work like new. These pre-owned products have been inspected and tested by Amazon-qualified suppliers, which typically perform a full diagnostic test, replacement of any defective parts, and a thorough cleaning process. Packaging and accessories may be generic. All products on Amazon Renewed come with a minimum 90-day supplier-backed warranty.,9.7-inch Retina display, wide color and true tone,A9 third-generation chip with 64-bit architecture,M9 motion coprocessor, 1.2MP FaceTime HD camera,8MP iSight camera, Touch ID, Apple Pay"
Apple iPad Air 2 16GB Cellular Space Gray (Renewed),$139.99,4.2 out of 5 stars,250 global ratings,"Renewed products look and work like new. These pre-owned products have been inspected and tested by Amazon-qualified suppliers, which typically perform a full diagnostic test, replacement of any defective parts, and a thorough cleaning process. Packaging and accessories may be generic. All products on Amazon Renewed come with a minimum 90-day supplier-backed warranty.,Apple iOS 8; 9.7-Inch Retina Display; 2048x1536 Resolution,A8X Chip with 64-bit Architecture; M8 Motion Coprocessor,Wi-Fi (802.11a, b, g, n, ac) + Cellular; 16 GB Capacity,8 MP iSight Camera; FaceTime HD Camera"
Apple iPad Mini 5-256GB - WiFi - Gold (Renewed Premium),$399.00,3.0 out of 5 stars,2 global ratings,iPad Mini 5-256GB - WiFi - Gold (Renewed Premium)
"Apple iPad Pro Tablet (32GB, Wi-Fi, 9.7in) Gold (Renewed)",$,4.3 out of 5 stars,264 global ratings,"Internal Memory: 32GB, 4GB RAM,Dimensions: 12.04 x 8.69 x 0.27 (inches), Non-Removable Li-Ion 10,307 mAh Battery,9.7-inch LED-backlit IPS LCD Multi-Touchscreen Scratch-resistant glass w/ oleophobic coating; iOS 9 (upgradable),12 Megapixel Camera (3264 x 2448 pixels)"
Apple iPad Air 2 a1567 16GB Space Gray Tablet WiFi + 4G Unlocked GSM/CDMA (Renewed),$144.95,3.9 out of 5 stars,22 global ratings,"Renewed products look and work like new. These pre-owned products have been inspected and tested by Amazon-qualified suppliers, which typically perform a full diagnostic test, replacement of any defective parts, and a thorough cleaning process. Packaging and accessories may be generic. All products on Amazon Renewed come with a minimum 90-day supplier-backed warranty.,Powered by Apple A8x processor,8-megapixel primary camera on the rear and a 1.2-megapixel front shooter for selfies.,16GB of internal storage (expandable with iCloud),9.7-inch touchscreen display with a resolution of 2048 pixels by 1536 pixels at a PPI of 264 pixels per inch."
"2021 Apple 11-inch iPad Pro (Wi-Fi + Cellular, 2TB) - Silver (Renewed)","$1,539.95",,,"Apple M1 chip for next-level performance - Go further with all-day battery life,Stunning 11-inch Liquid Retina display with ProMotion, True Tone, and P3 wide color,TrueDepth camera system featuring Ultra Wide front camera with Center Stage,12MP Wide camera, 10MP Ultra Wide camera, and LiDAR Scanner for immersive AR,Stay connected with ultrafast Wi-Fi - Face ID for secure authentication and Apple Pay"
"PRITOM TAB 10 Tablet 10 inch Android 12 Tabletas 32GB, Quad-Core 1.6Ghz Processor, 6000mAh, 1280 * 800 HD IPS Display WiFi 6, Dual Camera, Bluetooth, Tablet PC(Gray)",$,3.9 out of 5 stars,14 global ratings,"★[1.6GHz ANDROID 12 TABLET ] - PRITOM TAB 10 Tablet comes with the latest Android 12 OS, 32 GB large storage. And this andrid tablets features a stable Quad-Core A133 processor(up to 1.6GHz), to improving page loading, apps launching, and videos opening. And Tab 10 tablet with 32GB makes it easier to stock files, songs, pictures and videos. Great value tablet with low-cost meet your daily use. You can add a TF card if you think 32GB tablet isn't enough ( 512 GB expandble, NOT included).,★[Long-lasting Entertainment] - TAB 10 Tablet built-in 6000mAh battery, allows you to read and watch movies, browse the internet and play games for mixing use up to 10 hours. This android tablet is Google Certified, you can download thousands of apps in the Google Play Store, such as Netflix, Youtube, Skype, TikTok, etc. It is a really good companion for you to watch the Live Stream, movies or read the novels or for studying and working.,★[HD IPS Display with Eye health Mode] - PRITOM TAB 10 tablet adopts a 1280 x 800 HD IPS display. You can enjoy brilliant colors, crisp text, and vivid video viewing when you watch videos or reading on this tablet. Value tablet features sharper image levels and richer colors, and delivers stunning visual experience performance. With an eye health mode, it is an optimized backlighting for a comfortable reading experience. PRITOM tablets has a few more surprises waiting for you to explore.,★[Tablet for Kids & You] - This tablet is in a fashion shape, it is lightweight and easy to carry and use in kitchen countertop, desktop and outside. This tablet has excellent performance, stylish appearance, It is a good choice as a gift for children for Christmas or birthday.,★[12 MONTHS WARRANTY] - PRITOM tablets comes with 12-month quality warranty. PRITOM team provides reliable customer service. Please do not hesitate to get in touch with us in your free time if you have any problem, we will give you on-time tech support and resolve your issue ASAP."
"Apple iPad Air 2 MH2M2LL/A (64GB , Wi-Fi + 4G, Space Gray) VERSION (Renewed)",$170.00,4.2 out of 5 stars,436 global ratings,"Renewed products look and work like new. These pre-owned products have been inspected and tested by Amazon-qualified suppliers, which typically perform a full diagnostic test, replacement of any defective parts, and a thorough cleaning process. Packaging and accessories may be generic. All products on Amazon Renewed come with a minimum 90-day supplier-backed warranty.,A8X Chip with 64-bit Architecture; M8 Motion Coprocessor,Apple iOS 8; 9.7-Inch Retina Display; 2048x1536 Resolution,Wi-Fi (802.11a, b, g, n, ac) + Cellular; 64 GB Capacity,8 MP iSight Camera; FaceTime HD Camera"
"Apple iPad Pro 9.7-inch (128GB, Wi-Fi, Space Gray) 2016 Model - (Renewed)",$,4.5 out of 5 stars,435 global ratings,"Apple iOS 9, A9X chip with 64bit architecture, M9 coprocessor,12 MP iSight Camera, True Tone Flash, Panorama (up to 63MP), Four-Speaker Audio,iPad Pro Supports Apple Smart Keyboard and Apple Pencil"
"Apple iPad Pro 12.9in Tablet (256GB Wi-Fi + 4G, Gold)(Renewed)",$,4.2 out of 5 stars,49 global ratings,"12.9-inch LED-backlit IPS LCD Capacitive Touchscreen, 2048 x 2732 pixel resolution (~264ppi pixel density) + Scratch-resistant glass, Oleophobic coating,WLAN: Wi-Fi 802.11 a/b/g/n/ac, dual-band, hotspot; Bluetooth: v4.0, A2DP, EDR; GPS: Yes, with A-GPS, GLONASS (Wi-Fi + Cellular Model Only); USB: microUSB v3.0, Reversible Connector; Magnetic Connector,8 Megapixel Camera with f, 2.4, 31mm, autofocus, 1.12m pixel size, geo-tagging, touch focus, face, smile detection, HDR (photo, panorama) + 1.2 Megapixel Front Camera with 720p @ 30fps video capture, face detection, HDR, FaceTime over Wi-Fi or Cellular; Video Capture: 1080p@30fps, 720p@120fps, HDR, stereo sound rec.,Non-removable Li-Ion 10,307 mAh Battery (38.8 Wh), Talktime: Up to 10 Hours (multimedia)"
Apple iPad Pro 10.5in - 512GB Wifi - 2017 Model - GREY (Renewed),$489.99,4.4 out of 5 stars,123 global ratings,"Renewed products look and work like new. These pre-owned products have been inspected and tested by Amazon-qualified suppliers, which typically perform a full diagnostic test, replacement of any defective parts, and a thorough cleaning process. Packaging and accessories may be generic. All products on Amazon Renewed come with a minimum 90-day supplier-backed warranty.,10.5 inch Retina Display, 2224 x 1668 Resolution, Wide Color and True Tone Display,Apple iOS 10, A10X Fusion chip with 64-bit architecture Embedded M10 coprocessor,14 MP iSight Camera, True Tone Flash, Panorama (up to 63MP), Four-Speaker Audio,Up to 10 Hours of Battery Life"
"Apple iPad with WiFi, 128GB, Silver (2017 Model) (Renewed)",$243.99,4.5 out of 5 stars,"2,563 global ratings","Renewed products look and work like new. These pre-owned products have been inspected and tested by Amazon-qualified suppliers, which typically perform a full diagnostic test, replacement of any defective parts, and a thorough cleaning process. Packaging and accessories may be generic. All products on Amazon Renewed come with a minimum 90-day supplier-backed warranty."
"2018 Apple iPad (9.7-inch, Wi-Fi, 32GB) - Gold (Renewed)",$175.00,4.5 out of 5 stars,"1,051 global ratings","This Certified Refurbished product is tested and certified by the manufacturer or by a third-party refurbisher to look and work like new,with limited to no signs of wear.The refurbishing process includes functionality testing,inspection,reconditioning and repackaging.The product ships with all relevant accessories,a minimum 90-day warranty,and may arrive in a generic white or brown box.Only select sellers who maintain a high performance bar may offer Certified Refurbished products on Amazon.,Intel Core I7-3520M up to 3.6 GHz, DVD, 8 GB RAM, 240 GB SSD,Windows 10 Professional 64 Bit, Multi-Language Support English/Spanish,Network connector (RJ-45), USB 2.0 (2) - 1 USB/eSATA combo; USB 3.0 (2), Stereo headphone/Microphone combo jack, Memory card reader, 54mm ExpressCard, Docking connector, VGA, HDMI, 1 Full and 2 Half Mini Card Slots"
"Early 2018 Apple iPad (9,7-inch, 32GB, Wi-Fi + Cellular) Gold (Renewed)",$197.00,4.4 out of 5 stars,34 global ratings,"Renewed products look and work like new. These pre-owned products have been inspected and tested by Amazon-qualified suppliers, which typically perform a full diagnostic test, replacement of any defective parts, and a thorough cleaning process. Packaging and accessories may be generic. All products on Amazon Renewed come with a minimum 90-day supplier-backed warranty.,9.7"" Multi-Touch Retina Display 2048 x 1536 Screen Resolution (264 ppi),Apple A10 Fusion SoC & M10 Coprocessor 4G LTE | 802.11ac Wi-Fi | Bluetooth 4.2,Front 1.2MP FaceTime HD Camera Rear 8MP Camera"
Apple Renewed iPad Air 2 - 128GB - Space Grey (Renewed),$189.00,4.3 out of 5 stars,834 global ratings,"9.7in Retina display (diagonal) with 2048 x 1536 Screen Resolution,9 MP iSight Camera; FaceTime HD Camera - Up to 10 Hours of Battery Life,A8X Chip with 64-bit Architecture; M8 Motion Coprocessor"
"Samsung Galaxy Tab A 7-Inch Tablet (8 GB,Black) (Renewed)",$70.75,3.9 out of 5 stars,660 global ratings,"Quad-core 1.3 GHz Snapdragon 410 CPU, 1.5GB of RAM,8GB internal storage plus microSD slot,7.0in IPS Multi-Touch Display, 1280 x 800 Screen Resolution,Android OS"
Apple iPad Pro 10.5in -64GB Wifi - 2017 Model - Gray (Renewed),$244.00,4.6 out of 5 stars,"1,242 global ratings","Apple iOS 10, A10X Fusion chip with 64-bit architecture Embedded M10 coprocessor,10.5 inch Retina Display, 2224 x 1668 Resolution, Wide Color and True Tone Display,23 MP iSight Camera, True Tone Flash, Panorama (up to 63MP), Four-Speaker Audio"
"NORTH BISON Kids Tablet, 7 inch Android 11.0 Tablet for Kids, 3GB 32GB Toddler Tablet with Bluetooth, WiFi, GMS, Parental Control, Dual Camera, Shockproof Case, Educational, Games",$,3.6 out of 5 stars,689 global ratings,"【Parental Control Mode】Kids Tablet with parental control mode, You can create and customize profiles for kids’ accounts, hand-pick content for your kids, control screen time, and ensure they are browsing safe websites. These security settings can be adjusted as kids grow with content tailored to their age.,【Pre-installed Kids App】 There are many kids free learning apps pre-installed in our toddler tablet. You can also download many other apps like Youtube, Netflix, Disney+, ABCmouse etc, from kids store or Google play store. Appropriate Age Grade Over 3 years old kids,【Android 11.0 / Battery Upgrade】1024x600 IPS HD Touch Screen, Android 11.0 OS, 3GB + 32GB, Wifi, Bluetooth, dual camera. you can expand the storage to 128 GB of SD cards for storing photos, music and videos with additional micro SD card extensions. The upgraded battery can last more than 6.5 hours, suitable for long-distance flights or road trips,【Standing Kids Tablet】The tablet case that can stand, so kids don't need to hold the tablet all the time while learning, watching and playing games. The case is made of impact-resistant soft silicone material that protects the tablet from scratches, dirt and bumps, drops, etc. Free hand while have pleasure, make happy double,【5-year Warranty】Our kids tablet offers a 5-year warranty and Lifetime customer service, we offer a one-month trial period, we will answer your any questions within 24 hours. Package includes：1 x Tablet PC, 1 x Protective Silicone Case, 1 x screen protector , 1 x OTG cable, 1 x Data Cable, 1 x User Manual"
"2018 Apple iPad (WiFi, 128GB) Space Gray (Renewed)",$229.00,4.6 out of 5 stars,"2,320 global ratings","9.7"" Multi-Touch Retina Display 2048 x 1536 Screen Resolution (264 ppi),Apple A10 Fusion SoC and M10 Coprocessor 4G LTE | 802.11ac Wi-Fi | Bluetooth 4.10,Front 1.2MP FaceTime HD Camera Rear 8MP Camera,Apple Pencil Support Night Shift | Touch ID Sensor"
"Apple iPad Mini 4, 16GB, Gold - WiFi + Cellular (Renewed)",$199.00,4.0 out of 5 stars,442 global ratings,"Renewed products look and work like new. These pre-owned products have been inspected and tested by Amazon-qualified suppliers, which typically perform a full diagnostic test, replacement of any defective parts, and a thorough cleaning process. Packaging and accessories may be generic. All products on Amazon Renewed come with a minimum 90-day supplier-backed warranty.,7.9"" Retina Display, 2048 x 1536 Resolution,Apple iOS 9, Dual-Core A8 Chip with Quad-Core Graphics,8 MP iSight Camera, 1080p HD Video Recording,16GB Capacity, Wi-Fi (802.11a, b, g, n, ac) + Cellular + MIMO + Bluetooth 4.2"
Apple iPad Pro 10.5in - 256GB Wifi - 2017 Model - Gold (Renewed),$,4.5 out of 5 stars,180 global ratings,"12 MP iSight Camera, True Tone Flash, Panorama (up to 63MP), Four-Speaker Audio,Apple iOS 10, A10X Fusion chip with 64-bit architecture Embedded M10 coprocessor,10.5 inch Retina Display, 2224 x 1668 Resolution, Wide Color and True Tone Display"
"Apple iPad Pro (32GB, Wi-Fi + Cellular, Gray) 9.7in Tablet (Renewed)",$189.99,4.2 out of 5 stars,269 global ratings,"24 Megapixel Camera (3264 x 2448 pixels) w/ Autofocus + Front-facing 1.2 Megapixel Camera w/ face detection, HDR, FaceTime over Wi-Fi,9.7-inch LED-backlit IPS LCD Multi-Touchscreen,Dual-Core 2.26 GHz (Twister) Processor, Chipset: Apple A9X; Wi-Fi 802.11 a, b, g, n, ac, Bluetooth: v4.0, A2DP, EDR, USB: v3.0, reversible connector, GPS: with A-GPS, GLONASS (Wi-Fi)"
"2020 Apple iPad Pro (12.9-inch, Wi-Fi + Cellular, 512GB) - Space Gray (Renewed)",$,4.5 out of 5 stars,38 global ratings,"12.9-Inch Edge-to-Edge Liquid Retina Display with ProMotion, True Tone, and P3 Wide Color,A12Z Bionic Chip with Neural Engine - 802.11AX Wi-Fi 6 - Up to 10 Hours of Battery Life/Charge,12MP Wide Camera, 10MP Ultra Wide Camera, 7MP TrueDepth Front Camera, and LIDAR Scanner,Four Speaker Audio and Five Studio-Quality Microphones - Face ID for Secure Authentication and Apple Pay,USB-C Connector for Charging and Accessories - Support for Magic Keyboard, Smart Keyboard Folio, and Apple Pencil"
Apple iPad Air 4-256GB - WiFi + Cellular - Sky Blue (Renewed Premium),$705.15,,,Speakers. Top button/Touch ID sensor. Microphones. Volume up/down. Camera. Magnetic connector. Nano-SIM tray (cellular models). Smart Connector. USB-C connector
Apple iPad 10.2 Inch (2019) Wi-Fi + Cellular 32 GB - Gold (Renewed),$249.00,4.6 out of 5 stars,19 global ratings,"10.2-Inch Retina display, ProMotion technology, Wide color display (P3) wtih True Tone display technology,Four-speaker audio,FaceTime HD camera and iSight camera with flash,Apple Pencil Support,Smart Keyboard support"
Apple iPad Air 4-256GB - WiFi - Green (Renewed Premium),$556.07,,,Speakers. Top button/Touch ID sensor. Microphones. Volume up/down. Camera. Magnetic connector. Nano-SIM tray (cellular models). Smart Connector. USB-C connector
"Apple 9.7in iPad (6th Generation, 128GB, Wi-Fi + 4G LTE, Gold) (Renewed)",$,4.5 out of 5 stars,130 global ratings,"9.7"" Multi-Touch Retina Display 2048 x 1536 Screen Resolution (264 ppi),Apple A10 Fusion SoC and M10 Coprocessor 4G LTE | 802.11ac Wi-Fi | Bluetooth 4.12,Front 1.2MP FaceTime HD Camera Rear 8MP Camera,Apple Pencil Support Night Shift | Touch ID Sensor"
"Certified Refurbished Fire HD 10 tablet, 10.1"", 1080p Full HD, 32 GB, latest model (2021 release), Black",$,4.5 out of 5 stars,"4,627 global ratings","A Certified Refurbished Fire HD 10 tablet is refurbished, tested, and certified to look and work like new and comes with the same limited warranty as a new device. Certified Refurbished Amazon devices may be packaged in generic Amazon-branded boxes.,Fast and responsive - powerful octa-core processor and 3 GB RAM. 50% more RAM than previous generation.,Long-lasting 12-hour battery and 32 or 64 GB internal storage. Add up to 1 TB with microSD (sold separately).,Brighter display - Vivid 10.1"" 1080p Full HD display is 10% brighter than previous generation, with more than 2 million pixels.,Enjoy your favorite apps like Netflix, Facebook, Hulu, Instagram, TikTok, and more through Amazon’s Appstore (Google Play not supported. Subscription for some apps required).,Stay connected - Download apps like Zoom, or ask Alexa to make video calls to friends and family.,Get more done – Check email, update shopping lists, and set reminders. Use your favorite apps like Microsoft Office, OneNote, and Dropbox.,Hands-free with Alexa, including on/off toggle.,Thinner and lighter than previous generation. Screen made with strengthened aluminosilicate glass.,Split screen – All-new feature for Fire OS that shows two compatible apps, like Facebook Messenger and Prime Video, open side by side for easy multitasking."
"CWOWDEFU Tablet 8 Inch Android 11,WiFi 5G + AX WiFi 6,Dual Camera 5MP+8MP,800x1280 IPS HD,2GB RAM 32GB ROM TF Expansion 256GB,Quad-Core A133, Bluetooth 5.0 (Black)",$,3.4 out of 5 stars,27 global ratings,"This Android 8 inch Tablet has a Powerful Quad core 1.6GHz Processor Coupled With 2GB RAM,32GB ROM(expand to 256GB storage)Gives you a Smoothier Multimedia Experience.Tablet has Built-in Android 11 System and GMS Certification to Download a large number of free apps(like Facebook, Twitter, Instagram, etc.) from Google Play Store.It is a Tablet computer suitable for entertainment.,Android 11 Tablet With the Latest AX_WiFi 6+BT 5.0,You can Consume more Bandwidth Demanding apps,Games and Videos With Faster internet.Additionally,wifi 6 helps improve device battery life and internet security.,8 inch 800*1280 Multi-Touch Capacitive Screen,Restore The Original Color of The image,Allowing you to Watch the Video More Clearly. It's also a Dual Camera Tablet,and the Front-facing 5MP Camera Provides HD Video to Chat With your Family,Friends,Relatives,and Colleagues.The 8MP rear Camera can Meet your Daily Camera Needs.,Medium size,The 8 inch Tablet is Ultra-thin and Lightweight (325g),Easy to Carry With one Hand when Working,Studying,or Going out.Combined With dark Mode to Protect your eyes,Read with one hand held for long Periods of time.Perfect for Kids,Online lessons,Movies,Reading and Browsing.,With AI intelligent power management,Cwowdefu Tablet has all-day battery life,so it’s always ready for any task or project.At the same time,Cwowdefu is a brand with its own quality assurance factory.Please feel free to contact the seller for any problems,we will try our best to satify our customer."
"YOBANSE Kids Tablet, 7 inch Tablet for 3GB RAM 32GB ROM Android 11.0 Toddler with Bluetooth, WiFi, GMS, Parental Control, Dual Camera, Shockproof Case, Educational, Games…",$,3.6 out of 5 stars,"1,925 global ratings","【Parental Control Mode】 Kids Tablet with parental control mode, You can create and customize profiles for kids’ accounts, hand-pick content for your kids, control screen time, and ensure they are browsing safe websites. These security settings can be adjusted as kids grow with content tailored to their age.Appropriate Age Grade Over 3 years old kids,【Large Storage and Battery Upgrade】1024x600 IPS FHD Touch Screen, Android 11.0 OS, 3GB + 32GB, Wifi, Bluetooth, dual camera. you can expand the storage to 128 GB of SD cards for storing photos, music and videos with additional micro SD card extensions. The upgraded battery can last more than 6 hours, suitable for long-distance flights or road trips,【Multiple Function Tablet for Kids】Our tablet for kids has so many apps already pre-installed on the tablet such as abcmouse ,Youtube, Netflix, Google play, many interesting puzzle games, books, music, movies, and art learning. with hundreds of free pre-installed applications, children's tablets make it easy for a child to explore games, Media, e-Book, Painting, and Notes,【Kids Tablet with Case】The tablet case that can stand, so kids don't need to hold the tablet all the time while learning, watching and playing games. The case is made of soft silicone material that protects the tablet from scratches, bumps, and drops, etc. let the kids fondle admiring,【5-year Warranty】Our kids tablet offers a 5-year warranty and Lifetime customer service, we will answer your any questions within 24 hours. Package includes：1 x Tablet PC, 1 x Protective Silicone Case, 1 x screen protector , 1 x OTG cable, 1 x Data Cable, 1 x User Manual"
Apple iPad (8th Gen.) - 128GB - WiFi - Gold (Renewed Premium),$380.00,,,Smart Connector. 3.5 mm headphone jack. Stereo speakers. On/Off - Sleep/Wake. Home/Touch ID sensor. Dual microphones. Volume up/down. Nano-SIM tray (cellular models). Lightning connector
"Tablet 10.1 inch Android 11 Tablets, 2 in 1 Tablet with Keyboard, 4GB RAM 64GB ROM 256GB Expandable, 4G Cellular, Octa-Core Processor, 13 MP Camera, Google Certified 2.4G WiFi Tablet Black",$,4.1 out of 5 stars,186 global ratings,"[Multifunctional 4G LTE Phone Tablet with Multiple Accessories] Android 11.0 tablet with pen mouse keyboard and more, support 4G network/cellular network and WIFI, make the tablet both a smartphone and a tablet. You can make phone calls and surf the internet anywhere, 10.1 inch tablet with GPS, Bluetooth 5.0, FM, OTG and WiFi. With Google Play pre-installed, you can download apps like Facebook, Twitter, Instagram, and more,[4 GB RAM + 64 GB ROM + 256 GB Expandable + Octa-Core]2 in 1 Android tablet with 4 GB RAM, 64 GB ROM. large storage space for your daily entertainment and work needs. For example, keep games, videos, songs, eBooks, photos and important files. With the updated Android 11 with octa-core processor, you can enjoy a user-friendly experience,[13 MP Rear Camera + 5 MP HD Front Camera + 1280*800 IPS Full HD Screen]10.1 inch Tablet with 13 MP rear camera and 5 MP front camera. With dual front and rear cameras, you can capture every beautiful moment in your life and take photos and videos. 1280x800 IPS HD display restores images to their original colors, allowing you to watch 1080P Full HD videos and movies more clearly,[6000mAh Large Battery + Latest Android 11.0 OS]EITOMIN tablet uses 6000mAh battery. Tablet Android 6580mAh large battery can be used for days. (408 hours of standby, 20 hours of talk, 28 hours of MP3 music, 8 hours of online video) Never worry about losing contact with your friends again!,[Lifetime Customer Service] We provide lifetime technical support and 1 year warranty. If you encounter any problem during use, please contact us immediately and we will solve your problem as soon as possible"
"Blackview 2023 New Tab 12 Pro Android 12 Tablets 10"" inch Tablet 14 (8+6 Expand) GB RAM + 128 GB ROM 1TB Expand Tablet PC, 1920 * 1200 FHD+IPS, Octa-core，2.4G/5G WiFi, Bluetooth 5.0 GPS Gray",$,4.3 out of 5 stars,208 global ratings,"【14GB(8+6Expand) RAM+128GB ROM+Core Processor】The blackview Tab12 Pro features an octa-core processor, built-in 14 (8+6 virtual memory) GB RAM + 128 GB (expandable to 1 TB) ROM, which can support you to run multiple software smoothly, download and store your favorite books, songs, photos, movies, games and anything you want and fully enjoy without worrying about running out of space. The UMS9230 (T606) 8-core processor supports you to play all kinds of tablet games without worrying about lag.,【2.4G&5G WIFI+Android 12】The android 12 tablet support 2.4G&5GWiFi , A wifi connection that is compatible with both allows you to have more stable and faster internet speeds than a single connection.The Tab12Pro Android tablet is equipped with battery up to 6580mAh. Achieve up to 7.5hours of video battery life, and use the Fast Charging adapter to charge more easily ,At the same time, we adopt the latest android 12 system in 2023, which supports and adapts to your download and use of various software to meet your daily work and study needs.,【10.1 Inch INCELL 1920*1200 FHD IPS Screen 】 Blackview android tablet provide a 10.1 inch 1920*1200 rresolution screen,which has a more wide viewing angle/high resolution images and fantastic vesion, We are equipped with an eye-friendly mode that allows you to enjoy videos more freely and healthily.At the same time,it equipped with parental control system, provieding more healthy method for children using.,【5MP+13MP&GPS&Face Recogincation】 Blackview 10.1-inch Android tablet With a built-in 13MP rear camera and 5MP camera, it provides you with excellent video recording and photo taking experience, perfect for video calling and video conferencing. We also support GPS+GLONASS+Beidou+Galileo four navigation modes and face facial recognition system to provide safety assurance during your travel and business trip, meanwhile we provide 2 years warranty, any problem please feel free to contact us via backstage!,【7.4mm+430g Extremely thing body】This tablet is very thin, only 7.4mm wide and weighs only 430 grams, it uses a very thin body and non-glossy material to provide you with a more comfortable experience, when using this tablet, you can not only enjoy the high-speed and smooth video experience, but also smoothly complete your game operation, providing you with an excellent gaming experience.,【2-year Warranty+Durable Case】Blackview Tab12 Pro Tablet comes with a two-year warranty, if you have any questions please feel free to contact us, we will help you within 24 hours to solve your problems. 𝐖𝐞 𝐚𝐥𝐬𝐨 𝐢𝐧𝐜𝐥𝐮𝐝𝐞 𝐚 𝐟𝐫𝐞𝐞 𝐩𝐫𝐨𝐭𝐞𝐜𝐭𝐢𝐯𝐞 𝐜𝐚𝐬𝐞 𝐚𝐧𝐝 𝐭𝐞𝐦𝐩𝐞𝐫𝐞𝐝 𝐟𝐢𝐥𝐦 𝐢𝐧 𝐭𝐡𝐞 𝐩𝐚𝐜𝐤𝐚𝐠𝐞 𝐭𝐨 𝐩𝐫𝐨𝐭𝐞𝐜𝐭 𝐲𝐨𝐮𝐫 𝐝𝐚𝐢𝐥𝐲 𝐮𝐬𝐞.Also Valentine's Day, Birthday, Children's Day,Father's Day Gift"
"SAMSUNG Galaxy Tab A8 2022 WiFi 10.5 inch 7040 mAh 8MP SM-X200 International Version Dual Camera (w/Fast Car Charger Bundle) (Silver, 32GB+3GB)",$,4.5 out of 5 stars,77 global ratings,"International Model, Does not have US warranty. ONLY WIFI.,10.5 Inch 1920X1200 (WUXGA+) TFT / Android 11,Octa-core (4x2.0 GHz Kryo 260 Gold & 4x1.8 GHz Kryo 260 Silver) 3GB Ram Support 1TB Micro SD (not included) Mali G52 MP2,Wi-Fi 802.11 a/b/g/n/ac, dual-band, Wi-Fi Direct,,8MP Rear Camera + 5 MP Front Camera"
Apple iPad (8th Gen.) - 32GB - WiFi - Gold (Renewed Premium),$329.00,,,Smart Connector. 3.5 mm headphone jack. Stereo speakers. On/Off - Sleep/Wake. Home/Touch ID sensor. Dual microphones. Volume up/down. Nano-SIM tray (cellular models). Lightning connector
,,,,
